station_id,source_record_id,station_name,address,postcode,latitude,longitude,operator_name,data_provider,operational_status,number_of_evses,number_of_connectors,maximum_power_kw,access_type,usage_cost,source_url,source_last_updated,licence,attribution,verification_status,verification_notes
airis_0ed5376b3910e85bcdda,52763,NCP Greyfriars Road,"Greyfriars Road, Cardiff",CF10 3AD,51.483101,-3.17577,BP Pulse (UK),Open Charge Map Contributors,operational,2.0,4.0,7.0,public,£0.59/kWh; other tariffs available. £1.70 per hour for type 2,https://openchargemap.org/site/poi/details/52763,2023-04-03T16:58:00Z,Licensed under Creative Commons Attribution 4.0 International (CC BY 4.0),Open Charge Map; Data Provider: Open Charge Map Contributors,unreviewed,
airis_ebc43ac93e04c395c139,60879,St. David's Shopping Centre Car Park,"Hills Street, Butetown, Cardiff",CF10 2EQ,51.47922,-3.17476750000003,BP Pulse (UK),Open Charge Map Contributors,operational,4.0,4.0,7.0,public,Inclusive; for Polar Plus subscription members only,https://openchargemap.org/site/poi/details/60879,2019-03-08T06:29:00Z,Licensed under Creative Commons Attribution 4.0 International (CC BY 4.0),Open Charge Map; Data Provider: Open Charge Map Contributors,unreviewed,
airis_0335f6a8946af5ec92c5,88787,St David's Shopping Centre,"St David's Shopping Centre Bridge Street Arcade, Cardiff",CF10 2EQ,51.479103,-3.174819,Tesla (Tesla-only charging),Open Charge Map Contributors,operational,2.0,2.0,13.0,public,,https://openchargemap.org/site/poi/details/88787,2018-10-03T15:07:00Z,Licensed under Creative Commons Attribution 4.0 International (CC BY 4.0),Open Charge Map; Data Provider: Open Charge Map Contributors,unreviewed,
airis_3937d5c1246b2b3ccff2,252108,St Davids Shopping Centre Car Park,"St Davids Shopping Centre Car Park, Cardiff",CF10 2EQ,51.479366,-3.173753,BP Pulse (UK),UK National Charge Point Registry,,,,22.0,public,,https://openchargemap.org/site/poi/details/252108,2023-05-03T08:36:00Z,Contains public sector information licensed under the Open Government Licence v2.0.,Open Charge Map; Data Provider: UK National Charge Point Registry,unreviewed,
airis_3a9e8f8f09cb7adc2b8d,252105,St Davids Shopping Centre Car Park,"St Davids Shopping Centre Car Park, Cardiff",CF10 2EQ,51.47934,-3.173709,BP Pulse (UK),UK National Charge Point Registry,,,,22.0,public,,https://openchargemap.org/site/poi/details/252105,2023-05-03T08:36:00Z,Contains public sector information licensed under the Open Government Licence v2.0.,Open Charge Map; Data Provider: UK National Charge Point Registry,unreviewed,
airis_32723c6ba4bd541dbc1f,209611,St David's Dewi Sant Shopping Centre,"St David's Dewi Sant Shopping Centre, Crockherbtown, Cardiff",CF10 2EQ,51.478574,-3.174714,POD Point (UK),Open Charge Map Contributors,operational,2.0,2.0,7.0,public,£0.49/kWh,https://openchargemap.org/site/poi/details/209611,2024-07-09T12:50:00Z,Licensed under Creative Commons Attribution 4.0 International (CC BY 4.0),Open Charge Map; Data Provider: Open Charge Map Contributors,unreviewed,
airis_0175f0f6390e84ca0eb6,285782,"Castle Mews, Cardiff","Castle Mews Car Park, Cardiff",CF10 3EW,51.48512,-3.182573,Connected Kerb,UK National Charge Point Registry,unknown,,,22.0,public,,https://openchargemap.org/site/poi/details/285782,2023-12-07T08:10:00Z,Contains public sector information licensed under the Open Government Licence v2.0.,Open Charge Map; Data Provider: UK National Charge Point Registry,unreviewed,
airis_33ebf06eb2009e555419,259897,Windsor Place,"Windsor Place, Cardiff",CF10 3BZ,51.483881,-3.173242,Osprey Charging,Open Charge Map Contributors,operational,4.0,4.0,50.0,public,£0.79/kWh,https://openchargemap.org/site/poi/details/259897,2024-08-23T10:31:00Z,Licensed under Creative Commons Attribution 4.0 International (CC BY 4.0),Open Charge Map; Data Provider: Open Charge Map Contributors,unreviewed,
airis_081d317754d82aaf4090,260068,Park Place,"Park Place, Cardiff",CF10 3RL,51.485936,-3.176613,Osprey Charging,Open Charge Map Contributors,operational,4.0,4.0,50.0,public,£0.79/kWh,https://openchargemap.org/site/poi/details/260068,2024-07-09T12:50:00Z,Licensed under Creative Commons Attribution 4.0 International (CC BY 4.0),Open Charge Map; Data Provider: Open Charge Map Contributors,unreviewed,
airis_9965ba6bb8a4717a281d,157867,NCP Dumfries Place,"NCP Dumfries Place, Cardiff",CF10 3FN,51.484352,-3.172482,BP Pulse (UK),UK National Charge Point Registry,,,,22.0,public,,https://openchargemap.org/site/poi/details/157867,2023-05-03T08:36:00Z,Contains public sector information licensed under the Open Government Licence v2.0.,Open Charge Map; Data Provider: UK National Charge Point Registry,unreviewed,
airis_6f88afdff062e0a132fc,157868,NCP Dumfries Place,"NCP Dumfries Place, Cardiff",CF10 3FN,51.484554,-3.172682,BP Pulse (UK),UK National Charge Point Registry,,,,22.0,public,,https://openchargemap.org/site/poi/details/157868,2023-05-03T08:36:00Z,Contains public sector information licensed under the Open Government Licence v2.0.,Open Charge Map; Data Provider: UK National Charge Point Registry,unreviewed,
airis_fbe76f33818eb3334d19,52910,NCP Pellet Street,"Pellet Street, Cardiff",CF10 4FF,51.478298,-3.17032,BP Pulse (UK),Open Charge Map Contributors,operational,3.0,4.0,3.0,public,£0.59/kWh; other tariffs available. Parking fees apply,https://openchargemap.org/site/poi/details/52910,2023-04-03T17:00:00Z,Licensed under Creative Commons Attribution 4.0 International (CC BY 4.0),Open Charge Map; Data Provider: Open Charge Map Contributors,unreviewed,
airis_d560a303a4821d0f562e,285778,Sophia Gardens,"Sophia Gardens, Cardiff",CF11 9HW,51.483564,-3.189366,Connected Kerb,UK National Charge Point Registry,unknown,,,22.0,public,,https://openchargemap.org/site/poi/details/285778,2023-12-07T08:10:00Z,Contains public sector information licensed under the Open Government Licence v2.0.,Open Charge Map; Data Provider: UK National Charge Point Registry,unreviewed,
airis_046f7aff802305a339e7,47246,NCP Dumfries Place,"Dumfries Place, Cardiff",CF10 3FN,51.478001,-3.16922,BP Pulse (UK),Open Charge Map Contributors,operational,2.0,4.0,7.0,public,Inclusive; for Polar Plus subscription members only. Parking fees apply,https://openchargemap.org/site/poi/details/47246,2019-03-06T06:32:00Z,Licensed under Creative Commons Attribution 4.0 International (CC BY 4.0),Open Charge Map; Data Provider: Open Charge Map Contributors,unreviewed,
airis_fc45ad043e668a3af5cd,259924,King Edward Vii Avenue,"King Edward Vii Avenue, Cardiff",CF10 3NB,51.488436,-3.183733,Osprey Charging,Open Charge Map Contributors,operational,2.0,4.0,50.0,public,£0.79/kWh,https://openchargemap.org/site/poi/details/259924,2024-08-13T17:05:00Z,Licensed under Creative Commons Attribution 4.0 International (CC BY 4.0),Open Charge Map; Data Provider: Open Charge Map Contributors,unreviewed,
airis_d508e2db52a6b7675cbb,259891,Howard Place,"Howard Place, Cardiff",CF24 0DE,51.48399914,-3.166332585,Osprey Charging,Open Charge Map Contributors,operational,4.0,4.0,50.0,public,£0.79/kWh,https://openchargemap.org/site/poi/details/259891,2024-08-13T17:03:00Z,Licensed under Creative Commons Attribution 4.0 International (CC BY 4.0),Open Charge Map; Data Provider: Open Charge Map Contributors,unreviewed,
airis_0ece004f3926dd3d2f6a,117888,Ibis Budget Cardiff,"Ibis Budget Cardiff, Tyndall Street, Cardiff",CF10 4BE,51.476021,-3.168791,BP Pulse (UK),Open Charge Map Contributors,operational,1.0,1.0,4.0,public,Inclusive; for Polar Plus subscription members only,https://openchargemap.org/site/poi/details/117888,2019-03-08T06:39:00Z,Licensed under Creative Commons Attribution 4.0 International (CC BY 4.0),Open Charge Map; Data Provider: Open Charge Map Contributors,unreviewed,
airis_67b9d9f5c7480b12a7ed,200352,Mardy Street,"Mardy Street, Cardiff",CF11 6RD,51.474088,-3.185956,Evolt Network (Swarco E.Connect),UK National Charge Point Registry,,,,7.0,public,,https://openchargemap.org/site/poi/details/200352,2023-12-07T08:10:00Z,Contains public sector information licensed under the Open Government Licence v2.0.,Open Charge Map; Data Provider: UK National Charge Point Registry,unreviewed,
airis_0866395be71fb88857e7,252001,DRAX00238,"Tyndall Street, Cardiff",CF10 4BE,51.47672,-3.16755,Drax Energy Solutions Limited,UK National Charge Point Registry,,,,22.0,public,,https://openchargemap.org/site/poi/details/252001,2023-05-04T08:42:00Z,Contains public sector information licensed under the Open Government Licence v2.0.,Open Charge Map; Data Provider: UK National Charge Point Registry,unreviewed,
airis_2750ce20495a08e07ec8,132454,Rennie Street,"Rennie Street, Cardiff",CF11 6EG,51.4788,-3.1951,Evolt Network (Swarco E.Connect),Open Charge Map Contributors,operational,2.0,2.0,7.0,public,£0.31/kWh,https://openchargemap.org/site/poi/details/132454,2019-10-02T08:28:00Z,Licensed under Creative Commons Attribution 4.0 International (CC BY 4.0),Open Charge Map; Data Provider: Open Charge Map Contributors,unreviewed,
airis_e087bdf6460b769e5d24,285830,North Road,"North Road Car Park, Cardiff",CF10 3DY,51.490523,-3.188036,Connected Kerb,UK National Charge Point Registry,unknown,,,7.0,public,,https://openchargemap.org/site/poi/details/285830,2023-12-07T08:10:00Z,Contains public sector information licensed under the Open Government Licence v2.0.,Open Charge Map; Data Provider: UK National Charge Point Registry,unreviewed,
airis_92d27599db462d7026d2,136139,Maindy Road,"Maindy Road, Cardiff",CF24 4HQ,51.49265,-3.18381,Evolt Network (Swarco E.Connect),UK National Charge Point Registry,,,,7.0,public,,https://openchargemap.org/site/poi/details/136139,2023-12-07T08:10:00Z,Contains public sector information licensed under the Open Government Licence v2.0.,Open Charge Map; Data Provider: UK National Charge Point Registry,unreviewed,
airis_3aae53b1edc64850567b,214123,DRAX00165,"Schooner Way, Cardiff",CF10 4RT,51.47301,-3.16607,Drax Energy Solutions Limited,UK National Charge Point Registry,,,,22.0,public,,https://openchargemap.org/site/poi/details/214123,2023-05-04T08:42:00Z,Contains public sector information licensed under the Open Government Licence v2.0.,Open Charge Map; Data Provider: UK National Charge Point Registry,unreviewed,
airis_3729d40d75c6d2eecb5d,132455,Severn Road Car Park,"Severn Road, Cardiff",CF11 9DX,51.48201,-3.19883,Evolt Network (Swarco E.Connect),Open Charge Map Contributors,operational,2.0,2.0,7.0,public,£0.31/kWh,https://openchargemap.org/site/poi/details/132455,2019-10-02T08:31:00Z,Licensed under Creative Commons Attribution 4.0 International (CC BY 4.0),Open Charge Map; Data Provider: Open Charge Map Contributors,unreviewed,
airis_8de65bb0720d6c78e1fb,187690,Kyveilog Street,"Kyveilog Street, Cardiff",CF11 9JA,51.487668,-3.197033,Evolt Network (Swarco E.Connect),UK National Charge Point Registry,,,,7.0,public,,https://openchargemap.org/site/poi/details/187690,2023-12-07T08:10:00Z,Contains public sector information licensed under the Open Government Licence v2.0.,Open Charge Map; Data Provider: UK National Charge Point Registry,unreviewed,
airis_0328717e3cea0ac1806f,265999,EVC Holiday Inn Express Cardiff,"Longueil Close, Schooner Way, Cardiff",CF10 4EE,51.472444409730244,-3.164669448584325,Roam Charging (UK),Open Charge Map Contributors,operational,4.0,4.0,22.0,public,,https://openchargemap.org/site/poi/details/265999,2023-05-26T09:40:00Z,Licensed under Creative Commons Attribution 4.0 International (CC BY 4.0),Open Charge Map; Data Provider: Open Charge Map Contributors,unreviewed,
airis_95801a2e85a43c20b2c7,200334,Redlaver Street,"redlaver Street, Cardiff",CF117YL,51.469115,-3.184647,Evolt Network (Swarco E.Connect),UK National Charge Point Registry,,,,7.0,public,,https://openchargemap.org/site/poi/details/200334,2023-12-07T08:10:00Z,Contains public sector information licensed under the Open Government Licence v2.0.,Open Charge Map; Data Provider: UK National Charge Point Registry,unreviewed,
airis_9f8cf84028bb4c8a1ace,200416,Pontcanna Street,"Pontcanna Street, Cardiff",CF119HQ,51.486898,-3.199894,Evolt Network (Swarco E.Connect),UK National Charge Point Registry,,,,7.0,public,,https://openchargemap.org/site/poi/details/200416,2023-12-07T08:10:00Z,Contains public sector information licensed under the Open Government Licence v2.0.,Open Charge Map; Data Provider: UK National Charge Point Registry,unreviewed,
airis_39b94fd4816ab150bff0,115033,MFG Texaco Ninian,"Sloper Road, Cardiff",CF11 8BN,51.469647,-3.195624,The GeniePoint Network ( EQUANS EV Solutions ),Open Charge Map Contributors,operational,1.0,3.0,50.0,public,£1.00 + £0.30/kWh,https://openchargemap.org/site/poi/details/115033,2019-01-23T17:43:00Z,Licensed under Creative Commons Attribution 4.0 International (CC BY 4.0),Open Charge Map; Data Provider: Open Charge Map Contributors,unreviewed,
airis_b8ca386746aa48913e8f,47476,UK Steel Enterprise Cardiff,"Cardiff Bay Business Centre, Titan House, Lewis Road, Ocean Park, Cardiff, Wales",CF24 5BS,51.476339,-3.154874,Zero Carbon World,Open Charge Map Contributors,operational,1.0,1.0,7.0,public,,https://openchargemap.org/site/poi/details/47476,2015-05-27T11:43:00Z,Licensed under Creative Commons Attribution 4.0 International (CC BY 4.0),Open Charge Map; Data Provider: Open Charge Map Contributors,unreviewed,
airis_5bce80e842998aee7c52,285770,Harvey Street,"Harvey Street Car Park, Cardiff",CF5 1QW,51.48224,-3.205278,Connected Kerb,UK National Charge Point Registry,unknown,,,22.0,public,,https://openchargemap.org/site/poi/details/285770,2023-12-07T08:10:00Z,Contains public sector information licensed under the Open Government Licence v2.0.,Open Charge Map; Data Provider: UK National Charge Point Registry,unreviewed,
airis_dd426e6fa2b075eb051d,132459,Turning Head Car Park - Cardiff,"Penhill Road, Cardiff",CF11 9QJ,51.48915,-3.2036,Evolt Network (Swarco E.Connect),Open Charge Map Contributors,operational,2.0,2.0,7.0,public,£0.31/kWh,https://openchargemap.org/site/poi/details/132459,2019-10-02T08:39:00Z,Licensed under Creative Commons Attribution 4.0 International (CC BY 4.0),Open Charge Map; Data Provider: Open Charge Map Contributors,unreviewed,
airis_b3f8c8a32ad90052f6c8,132456,Anglesey Street - Cardiff,"Anglesey Street, Cardiff",CF5 1QZ,51.48313,-3.20707,Evolt Network (Swarco E.Connect),Open Charge Map Contributors,operational,2.0,2.0,7.0,public,£0.31/kWh,https://openchargemap.org/site/poi/details/132456,2019-10-02T08:32:00Z,Licensed under Creative Commons Attribution 4.0 International (CC BY 4.0),Open Charge Map; Data Provider: Open Charge Map Contributors,unreviewed,
airis_1d4ddbd2f7e280d34542,132462,Penylan Library Car Park - Cardiff,"Penylan Library Car Park, Cardiff",CF23 5HW,51.49677,-3.1645,Evolt Network (Swarco E.Connect),Open Charge Map Contributors,operational,2.0,2.0,7.0,public,£0.31/kWh,https://openchargemap.org/site/poi/details/132462,2019-10-02T08:58:00Z,Licensed under Creative Commons Attribution 4.0 International (CC BY 4.0),Open Charge Map; Data Provider: Open Charge Map Contributors,unreviewed,
airis_86396a3ef80877186baa,285931,Tewkesbury Place,"Tewkesbury Place, Cardiff",CF24 4QF,51.50026,-3.178055,Connected Kerb,UK National Charge Point Registry,unknown,,,7.0,public,,https://openchargemap.org/site/poi/details/285931,2023-12-07T08:10:00Z,Contains public sector information licensed under the Open Government Licence v2.0.,Open Charge Map; Data Provider: UK National Charge Point Registry,unreviewed,
airis_80b9188bc22f7f019c5e,101686,Q-Park Cardiff Bay,"Q-Park Cardiff Bay, Pierhead Street, Cardiff",CF10 4PH,51.465801,-3.1625,BP Pulse (UK),Open Charge Map Contributors,operational,1.0,3.0,50.0,public,£0.79/kWh; other tariffs available,https://openchargemap.org/site/poi/details/101686,2023-08-23T10:22:00Z,Licensed under Creative Commons Attribution 4.0 International (CC BY 4.0),Open Charge Map; Data Provider: Open Charge Map Contributors,unreviewed,
airis_166a187eab7cb6059083,260025,Bute Crescent,"Bute Crescent, Cardiff",CF10 5AN,51.464247,-3.1649849,Osprey Charging,Open Charge Map Contributors,operational,4.0,4.0,50.0,public,£0.79/kWh,https://openchargemap.org/site/poi/details/260025,2024-08-13T17:03:00Z,Licensed under Creative Commons Attribution 4.0 International (CC BY 4.0),Open Charge Map; Data Provider: Open Charge Map Contributors,unreviewed,
airis_aa4c211c5a940b4c1b62,258892,IKEA Cardiff,"Ferry Road, Grangetown, Cardiff",CF11 0JR,51.462816,-3.188446,Electric Highway (UK),Open Charge Map Contributors,operational,2.0,3.0,50.0,public,DC: £0.79/kWh,https://openchargemap.org/site/poi/details/258892,2023-11-30T09:50:00Z,Licensed under Creative Commons Attribution 4.0 International (CC BY 4.0),Open Charge Map; Data Provider: Open Charge Map Contributors,unreviewed,
airis_18512e9f2cb48402a38f,132460,Stallcourt Avenue - Cardiff,"Stallcourt Avenue, Cardiff",CF23 5AN,51.4946,-3.15485,Evolt Network (Swarco E.Connect),Open Charge Map Contributors,operational,2.0,2.0,7.0,public,£0.31/kWh,https://openchargemap.org/site/poi/details/132460,2019-10-02T08:53:00Z,Licensed under Creative Commons Attribution 4.0 International (CC BY 4.0),Open Charge Map; Data Provider: Open Charge Map Contributors,unreviewed,
airis_70f3cdfed60f400050fd,132461,Waterloo Road - Cardiff,"Waterloo Road, Cardiff",CF23 5DX,51.49655,-3.15663,Evolt Network (Swarco E.Connect),Open Charge Map Contributors,operational,2.0,2.0,7.0,public,£0.31/kWh,https://openchargemap.org/site/poi/details/132461,2019-10-02T08:54:00Z,Licensed under Creative Commons Attribution 4.0 International (CC BY 4.0),Open Charge Map; Data Provider: Open Charge Map Contributors,unreviewed,
airis_775500559e0cad784837,9814,Wessex Garages Cardiff,"Hadfield Road, Cardiff, Wales",CF11 8AQ,51.4665486,-3.20170359999997,(Business Owner at Location),Open Charge Map Contributors,unknown,3.0,4.0,50.0,private,Free,https://openchargemap.org/site/poi/details/9814,2018-06-14T21:28:00Z,Licensed under Creative Commons Attribution 4.0 International (CC BY 4.0),Open Charge Map; Data Provider: Open Charge Map Contributors,unreviewed,
airis_d6e6a24b96376ba9af96,260002,Britannia Quay,"Britannia Quay, Cardiff",CF10 4PB,51.464363,-3.160242,Osprey Charging,Open Charge Map Contributors,operational,2.0,4.0,50.0,public,£0.79/kWh,https://openchargemap.org/site/poi/details/260002,2024-08-29T15:09:00Z,Licensed under Creative Commons Attribution 4.0 International (CC BY 4.0),Open Charge Map; Data Provider: Open Charge Map Contributors,unreviewed,
airis_f886fc76be7c3a77022f,251500,"Bettws Lane Car Park, Newport","Bettws Lane Car Park, Cardiff",CF10 5SG,51.461555,-3.168205,Connected Kerb,UK National Charge Point Registry,,,,7.0,public,,https://openchargemap.org/site/poi/details/251500,2023-05-04T08:41:00Z,Contains public sector information licensed under the Open Government Licence v2.0.,Open Charge Map; Data Provider: UK National Charge Point Registry,unreviewed,
airis_096a150517372b2a668d,94121,Wessex Garages Cardiff,"289 Penarth Road, Cardiff",CF11 8AQ,51.468083,-3.206283,Nissan UK Dealer Network,Open Charge Map Contributors,operational,2.0,2.0,7.0,public,1,https://openchargemap.org/site/poi/details/94121,2024-11-15T14:05:00Z,Licensed under Creative Commons Attribution 4.0 International (CC BY 4.0),Open Charge Map; Data Provider: Open Charge Map Contributors,unreviewed,
airis_d178685f83cabc1f02c7,127599,Voco St David's Hotel,Voco St David's Hotel,cf10 5sd,51.460517,-3.167412,Tesla (Tesla-only charging),Open Charge Map Contributors,operational,2.0,2.0,7.0,public,,https://openchargemap.org/site/poi/details/127599,2019-06-05T12:01:00Z,Licensed under Creative Commons Attribution 4.0 International (CC BY 4.0),Open Charge Map; Data Provider: Open Charge Map Contributors,unreviewed,
airis_4d49c406033a4ff3973f,285780,Star Hub,"Star Hub Car Park, Cardiff",CF24 2SJ,51.484894,-3.143337,Connected Kerb,UK National Charge Point Registry,unknown,,,22.0,public,,https://openchargemap.org/site/poi/details/285780,2023-12-07T08:10:00Z,Contains public sector information licensed under the Open Government Licence v2.0.,Open Charge Map; Data Provider: UK National Charge Point Registry,unreviewed,
airis_84a7701983c186cbe3af,210279,Tesco Extra-Cardiff,"Excelsior Estate, Excelsior Road, Cardiff",CF14 3AT,51.49791839,-3.2071764,POD Point (UK),Open Charge Map Contributors,operational,4.0,6.0,50.0,public,£0.44/kWh,https://openchargemap.org/site/poi/details/210279,2023-10-09T17:01:00Z,Licensed under Creative Commons Attribution 4.0 International (CC BY 4.0),Open Charge Map; Data Provider: Open Charge Map Contributors,unreviewed,
airis_f0782529b5ad354d2a05,260691,University of Wales Hospital,"Heath Road, Cardiff",CF14 4XW,51.50591,-3.18741,POD Point (UK),Open Charge Map Contributors,operational,12.0,12.0,7.0,public,£0.272/kWh,https://openchargemap.org/site/poi/details/260691,2024-07-09T13:14:00Z,Licensed under Creative Commons Attribution 4.0 International (CC BY 4.0),Open Charge Map; Data Provider: Open Charge Map Contributors,unreviewed,
airis_5ea17c642133289def43,132457,Victoria Park Road - Cardiff,"Victoria Park Road, Cardiff",CF5 1EZ,51.48322,-3.21936,Evolt Network (Swarco E.Connect),Open Charge Map Contributors,operational,2.0,2.0,7.0,public,£0.31/kWh,https://openchargemap.org/site/poi/details/132457,2019-10-02T08:35:00Z,Licensed under Creative Commons Attribution 4.0 International (CC BY 4.0),Open Charge Map; Data Provider: Open Charge Map Contributors,unreviewed,
airis_63004a6b9ce8784bad0f,132458,Butleigh Avenue - Cardiff,"Butleigh Avenue, Cardiff",CF5 1AP,51.48595,-3.22232,Evolt Network (Swarco E.Connect),Open Charge Map Contributors,operational,2.0,2.0,7.0,public,£0.31/kWh,https://openchargemap.org/site/poi/details/132458,2019-10-02T08:37:00Z,Licensed under Creative Commons Attribution 4.0 International (CC BY 4.0),Open Charge Map; Data Provider: Open Charge Map Contributors,unreviewed,
airis_9e9134ddd9469563ea57,200454,Llandaff High Street Car Park,"Llandaff High Street Car Park, Cardiff",CF5 2DX,51.494256,-3.218335,Evolt Network (Swarco E.Connect),UK National Charge Point Registry,,,,7.0,public,,https://openchargemap.org/site/poi/details/200454,2023-12-07T08:10:00Z,Contains public sector information licensed under the Open Government Licence v2.0.,Open Charge Map; Data Provider: UK National Charge Point Registry,unreviewed,
airis_ccd959febb8f3334c39d,205042,Tesco Extra-Cardiff Pengam,"Eastern Bay Road, Pengam Green, Cardiff",CF24 2HP,51.487998,-3.127919,POD Point (UK),Open Charge Map Contributors,operational,4.0,4.0,7.0,public,£0.44/kWh,https://openchargemap.org/site/poi/details/205042,2023-04-12T05:21:00Z,Licensed under Creative Commons Attribution 4.0 International (CC BY 4.0),Open Charge Map; Data Provider: Open Charge Map Contributors,unreviewed,
airis_f536b167fad74e6cf2f2,285963,"College Road, Cardiff","College Road, Cardiff",CF14 2HJ,51.502182,-3.220884,Connected Kerb,UK National Charge Point Registry,unknown,,,22.0,public,,https://openchargemap.org/site/poi/details/285963,2023-12-07T08:10:00Z,Contains public sector information licensed under the Open Government Licence v2.0.,Open Charge Map; Data Provider: UK National Charge Point Registry,unreviewed,
airis_65c6914bc87cf72b6a3b,285666,Tesco Superstore - Penarth,"Terra Nova Way, Penarth",CF64 1SA,51.445999,-3.186151,POD Point (UK),Open Charge Map Contributors,unknown,,,7.0,public,,https://openchargemap.org/site/poi/details/285666,2025-03-10T06:29:00Z,Licensed under Creative Commons Attribution 4.0 International (CC BY 4.0),Open Charge Map; Data Provider: Open Charge Map Contributors,unreviewed,
airis_19a85544f2b3ea7fb9ce,259952,Three Arches,"Three Arches, Heathwood Road, Cardiff",CF14 4HS,51.519434,-3.180886,Osprey Charging,Open Charge Map Contributors,operational,4.0,4.0,75.0,public,£0.79/kWh,https://openchargemap.org/site/poi/details/259952,2024-08-29T15:09:00Z,Licensed under Creative Commons Attribution 4.0 International (CC BY 4.0),Open Charge Map; Data Provider: Open Charge Map Contributors,unreviewed,
airis_b226d245101e1c918414,187747,Cardiff & Vale University Health Board,"Woodlands House, Cardiff",CF14 4HH,51.520046,-3.194338,POD Point (UK),UK National Charge Point Registry,,,,7.0,public,,https://openchargemap.org/site/poi/details/187747,2023-05-04T08:45:00Z,Contains public sector information licensed under the Open Government Licence v2.0.,Open Charge Map; Data Provider: UK National Charge Point Registry,unreviewed,
airis_9173dfee665071b979e5,285657,"Arcott Street, Barry","Arcott Street, Barry",CF64 1ET,51.44093,-3.176069,Connected Kerb,UK National Charge Point Registry,unknown,,,22.0,public,,https://openchargemap.org/site/poi/details/285657,2023-12-07T08:10:00Z,Contains public sector information licensed under the Open Government Licence v2.0.,Open Charge Map; Data Provider: UK National Charge Point Registry,unreviewed,
airis_9b167f8cea08206be6ba,286066,"Penlline Road, Cardiff","Penlline Road Car Park, Cardiff",CF14 2AA,51.51442909600459,-3.2206491864869804,Connected Kerb,Open Charge Map Contributors,unknown,2.0,3.0,50.0,public,,https://openchargemap.org/site/poi/details/286066,2025-10-14T08:54:00Z,Licensed under Creative Commons Attribution 4.0 International (CC BY 4.0),Open Charge Map; Data Provider: Open Charge Map Contributors,unreviewed,
airis_7b0dd82fa4140caeb152,285651,"Albert Road, Barry","Albert Road, Vale of Glamorgan, Barry",CF64 1BZ,51.439078,-3.173322,Connected Kerb,UK National Charge Point Registry,unknown,,,7.0,public,,https://openchargemap.org/site/poi/details/285651,2023-12-07T08:10:00Z,Contains public sector information licensed under the Open Government Licence v2.0.,Open Charge Map; Data Provider: UK National Charge Point Registry,unreviewed,
airis_0235119709426a653f5d,100171,InstaVolt Bannatyne Health Club & Spa,"Parc Ty Glas, Llanishen, Cardiff",CF14 5DU,51.5242172,-3.1918042,InstaVolt Ltd,Open Charge Map Contributors,operational,2.0,4.0,50.0,public,£0.75/kWh,https://openchargemap.org/site/poi/details/100171,2023-04-03T08:29:00Z,Licensed under Creative Commons Attribution 4.0 International (CC BY 4.0),Open Charge Map; Data Provider: Open Charge Map Contributors,unreviewed,
airis_1bba313e22632283295f,200520,Ty Glas Road,"Ty Glas Road, Cardiff",CF14 5EB,51.52515,-3.202318,The GeniePoint Network ( EQUANS EV Solutions ),UK National Charge Point Registry,,,,50.0,public,,https://openchargemap.org/site/poi/details/200520,2023-02-09T08:11:00Z,Contains public sector information licensed under the Open Government Licence v2.0.,Open Charge Map; Data Provider: UK National Charge Point Registry,unreviewed,
airis_80578d8d9885bdcae429,214029,Cliff Parade Car Park,"Cliff Parade Car Park, Penarth",CF64 5BP,51.42745,-3.17186,Connected Kerb,UK National Charge Point Registry,,,,7.0,public,,https://openchargemap.org/site/poi/details/214029,2023-02-13T04:24:00Z,Contains public sector information licensed under the Open Government Licence v2.0.,Open Charge Map; Data Provider: UK National Charge Point Registry,unreviewed,
airis_741d2cdef1b829a900ac,256844,Spire Cardiff Hospital,"Croescadarn Road, Pontprennau, Cardiff, Cymru / Wales",CF23 8XL,51.53077459231975,-3.1412470889080675,Vend Electric,Open Charge Map Contributors,operational,4.0,4.0,11.0,public,£0.20/kWh,https://openchargemap.org/site/poi/details/256844,2023-03-13T17:27:00Z,Licensed under Creative Commons Attribution 4.0 International (CC BY 4.0),Open Charge Map; Data Provider: Open Charge Map Contributors,unreviewed,
airis_a89c5fa68f7e5865744b,16281,G24 Innovations,"Newlands Road, Newport",CF3 2GH,51.506864,-3.101256,POD Point (UK),Open Charge Map Contributors,unknown,2.0,2.0,3.0,private,Free,https://openchargemap.org/site/poi/details/16281,2017-10-10T09:33:00Z,Licensed under Creative Commons Attribution 4.0 International (CC BY 4.0),Open Charge Map; Data Provider: Open Charge Map Contributors,unreviewed,
airis_eea2a83d1e9d0e395e8a,201478,Tesla Cardiff,"Croescadarn Road, Cardiff, Wales",CF23 8HE,51.53149670395635,-3.139770854898643,Tesla (including non-tesla),Open Charge Map Contributors,operational,8.0,8.0,250.0,public,,https://openchargemap.org/site/poi/details/201478,2022-09-01T16:55:00Z,Licensed under Creative Commons Attribution 4.0 International (CC BY 4.0),Open Charge Map; Data Provider: Open Charge Map Contributors,unreviewed,
airis_ddc3489e654f03c05faf,13553,ASDA Cardiff Coryton Supercentre,"1 Longwood Drive, Cardiff",CF14 7EW,51.524136,-3.242433,BP Pulse (UK),Open Charge Map Contributors,operational,2.0,4.0,7.0,public,Inclusive; for Polar Plus subscription members only,https://openchargemap.org/site/poi/details/13553,2019-03-05T06:29:00Z,Licensed under Creative Commons Attribution 4.0 International (CC BY 4.0),Open Charge Map; Data Provider: Open Charge Map Contributors,unreviewed,
airis_b94c2cdd62ccc9e64cdb,149140,Tesco Extra-Culverhouse Cross,"Culverhouse Cross, Cardiff",CF5 6XQ,51.466577,-3.274567,POD Point (UK),Open Charge Map Contributors,operational,4.0,4.0,7.0,public,£0.44/kWh,https://openchargemap.org/site/poi/details/149140,2023-04-09T05:20:00Z,Licensed under Creative Commons Attribution 4.0 International (CC BY 4.0),Open Charge Map; Data Provider: Open Charge Map Contributors,unreviewed,
airis_e651fb146402b585af35,259469,InstaVolt Valegate Retail Park,"Valegate Retail Park, Culverhouse Cross, Cardiff, Wales",CF5 6EH,51.464141,-3.2746159,InstaVolt Ltd,Open Charge Map Contributors,operational,2.0,4.0,120.0,public,£0.75/kWh,https://openchargemap.org/site/poi/details/259469,2023-04-03T08:27:00Z,Licensed under Creative Commons Attribution 4.0 International (CC BY 4.0),Open Charge Map; Data Provider: Open Charge Map Contributors,unreviewed,
airis_3c050a8dc19efac7c748,286092,Tesco Superstore - St Mellons,"Crickhowell Road, Cardiff",CF3 0EF,51.524775,-3.103756,POD Point (UK),Open Charge Map Contributors,unknown,,,7.0,public,,https://openchargemap.org/site/poi/details/286092,2025-03-10T06:23:00Z,Licensed under Creative Commons Attribution 4.0 International (CC BY 4.0),Open Charge Map; Data Provider: Open Charge Map Contributors,unreviewed,
airis_11034ffdcd8f35310fd9,258962,Welcome Break Cardiff Gate Services,"M4 Motorway, Jct 30, Cardiff",CF23 8RA,51.539266,-3.129829,GridServe,Open Charge Map Contributors,operational,4.0,5.0,60.0,public,"DC (contactless): £0.85/kWh, DC (GRIDSERVE app): £0.79/kWh",https://openchargemap.org/site/poi/details/258962,2025-04-28T10:59:00Z,Licensed under Creative Commons Attribution 4.0 International (CC BY 4.0),Open Charge Map; Data Provider: Open Charge Map Contributors,unreviewed,
airis_e96c847af49026f6e43c,260847,Cosmeston Lakes Country Car Park,"Cosmeston Lakes Country Car Park, Penarth",CF64 5UY,51.415938,-3.182292,Connected Kerb,UK National Charge Point Registry,,,,22.0,public,,https://openchargemap.org/site/poi/details/260847,2023-05-03T08:51:00Z,Contains public sector information licensed under the Open Government Licence v2.0.,Open Charge Map; Data Provider: UK National Charge Point Registry,unreviewed,
airis_c2c26f6edd52d208f5fb,127106,Dŵr Cymru Welsh Water St. Mellons,"St. Mellons Business Park, Trowbridge, Cardiff",CF3 0LT,51.529847,-3.081929,Hubsta,Open Charge Map Contributors,operational,2.0,2.0,7.0,private,,https://openchargemap.org/site/poi/details/127106,2019-05-27T22:09:00Z,Licensed under Creative Commons Attribution 4.0 International (CC BY 4.0),Open Charge Map; Data Provider: Open Charge Map Contributors,unreviewed,
airis_d5b25a8ed4046d3f1c37,101139,Barry Power Station,"Sully Moors Road, Palmerstown, Sully, Vale of Glamorgan",CF64,51.409163004328384,-3.228540095770313,Charge & Drive (Fortum - NO),Open Charge Map Contributors,operational,2.0,2.0,7.0,private,Free,https://openchargemap.org/site/poi/details/101139,2018-03-18T17:35:00Z,Licensed under Creative Commons Attribution 4.0 International (CC BY 4.0),Open Charge Map; Data Provider: Open Charge Map Contributors,unreviewed,
airis_8881deac9233859a9757,285575,"Cadoxton Moors Community Centre, Barry","Cadoxton Moors Community Centre, Barry",CF63 2NX,51.411935,-3.242214,Connected Kerb,UK National Charge Point Registry,unknown,,,22.0,public,,https://openchargemap.org/site/poi/details/285575,2023-12-07T08:09:00Z,Contains public sector information licensed under the Open Government Licence v2.0.,Open Charge Map; Data Provider: UK National Charge Point Registry,unreviewed,
airis_e07edfe839100fdcfdda,214011,DRAX00227,"Malthouse Avenue, Cardiff",CF23 8RA,51.4113,-3.24684,Drax Energy Solutions Limited,UK National Charge Point Registry,,,,22.0,public,,https://openchargemap.org/site/poi/details/214011,2023-05-04T08:39:00Z,Contains public sector information licensed under the Open Government Licence v2.0.,Open Charge Map; Data Provider: UK National Charge Point Registry,unreviewed,
airis_1e80684c79f9118d964e,285584,"Victoria Park Community Centre, Barry","Victoria Park Community Centre, Barry",CF63 1JY,51.414496,-3.255916,Connected Kerb,UK National Charge Point Registry,unknown,,,22.0,public,,https://openchargemap.org/site/poi/details/285584,2023-12-07T08:09:00Z,Contains public sector information licensed under the Open Government Licence v2.0.,Open Charge Map; Data Provider: UK National Charge Point Registry,unreviewed,
airis_5398b43ae11e3e8c625a,285600,Gibbinsdown & Treharne Community Centre,"Gibbinsdown and Treharne Community Centre, Barry",CF62 9DF,51.418548,-3.267057,Connected Kerb,UK National Charge Point Registry,unknown,,,22.0,public,,https://openchargemap.org/site/poi/details/285600,2023-12-07T08:09:00Z,Contains public sector information licensed under the Open Government Licence v2.0.,Open Charge Map; Data Provider: UK National Charge Point Registry,unreviewed,
airis_88cdc81bc33622080fcd,259010,Moto Cardiff West Services,Moto Cardiff West Services,CF72 8SA,51.508914,-3.306853,Electric Highway (UK),Open Charge Map Contributors,operational,15.0,19.0,350.0,public,"DC: £0.79/kWh,AC: £0.49/kWh",https://openchargemap.org/site/poi/details/259010,2025-03-10T06:21:00Z,Licensed under Creative Commons Attribution 4.0 International (CC BY 4.0),Open Charge Map; Data Provider: Open Charge Map Contributors,unreviewed,
airis_122ac13808ff822bb3a2,24153,National Trust Dyffryn Gardens,"St Nicholas, Vale of Glamorgan, Wales",CF5 6SU,51.444863,-3.301556,Zero Carbon World,Open Charge Map Contributors,operational,1.0,1.0,7.0,public,,https://openchargemap.org/site/poi/details/24153,2023-06-11T22:15:00Z,Licensed under Creative Commons Attribution 4.0 International (CC BY 4.0),Open Charge Map; Data Provider: Open Charge Map Contributors,unreviewed,
airis_686077998c9de4b59f63,285542,"Court Road Multi Storey, Barry","Court Road Multi Storey Car Park, Vale Of Gla, Cardiff",CF63 4AF,51.407148,-3.263081,Connected Kerb,UK National Charge Point Registry,unknown,,,7.0,public,,https://openchargemap.org/site/poi/details/285542,2023-12-07T08:09:00Z,Contains public sector information licensed under the Open Government Licence v2.0.,Open Charge Map; Data Provider: UK National Charge Point Registry,unreviewed,
airis_3dabe34a3db45a7cf13f,285544,"Barry Library, Barry","Barry Library Car Park, Barry",CF63 4EL,51.40736,-3.26647,Connected Kerb,UK National Charge Point Registry,unknown,,,22.0,public,,https://openchargemap.org/site/poi/details/285544,2023-12-07T08:09:00Z,Contains public sector information licensed under the Open Government Licence v2.0.,Open Charge Map; Data Provider: UK National Charge Point Registry,unreviewed,
airis_7aab6581307d81dd7cc4,187633,Port Road West,"Port Road West, Barry",CF62 8ZJ,51.415471,-3.287487,POD Point (UK),Open Charge Map Contributors,operational,2.0,2.0,7.0,public,£0.35/kWh,https://openchargemap.org/site/poi/details/187633,2024-12-03T06:21:00Z,Licensed under Creative Commons Attribution 4.0 International (CC BY 4.0),Open Charge Map; Data Provider: Open Charge Map Contributors,unreviewed,
airis_ca5c5a805e5788dbe1fd,285529,"Thompson Street, Barry","Thompson Street Car Park, Vale of Glamorgan, Barry",CF63 4LH,51.40487,-3.270489,Connected Kerb,UK National Charge Point Registry,unknown,,,22.0,public,,https://openchargemap.org/site/poi/details/285529,2023-12-07T08:09:00Z,Contains public sector information licensed under the Open Government Licence v2.0.,Open Charge Map; Data Provider: UK National Charge Point Registry,unreviewed,
airis_f3bdfa352821e69c3355,200652,"The Twyn Car Park, Caerphilly","Castle Street, Caerphilly",CF83 1JL,51.574885,-3.21807,Silverstone Green Energy,UK National Charge Point Registry,,,,22.0,public,,https://openchargemap.org/site/poi/details/200652,2023-05-04T08:49:00Z,Contains public sector information licensed under the Open Government Licence v2.0.,Open Charge Map; Data Provider: UK National Charge Point Registry,unreviewed,
airis_5eb5715e5fe12319417b,173041,Tesco Superstore-Barry,"Stirling Road, Shopping Precinct, Barry",CF62 8NX,51.414462,-3.290265,POD Point (UK),Open Charge Map Contributors,operational,4.0,6.0,50.0,public,£0.49/kWh,https://openchargemap.org/site/poi/details/173041,2024-04-20T05:22:00Z,Licensed under Creative Commons Attribution 4.0 International (CC BY 4.0),Open Charge Map; Data Provider: Open Charge Map Contributors,unreviewed,
airis_e8ea8aebf06f63cf18c1,285526,"Kendrick Road, Barry","Kendrick Road Car Park, Vale of Glamorgan, Barry",CF63 4HD,51.404091,-3.27213,Connected Kerb,UK National Charge Point Registry,unknown,,,22.0,public,,https://openchargemap.org/site/poi/details/285526,2023-12-07T08:09:00Z,Contains public sector information licensed under the Open Government Licence v2.0.,Open Charge Map; Data Provider: UK National Charge Point Registry,unreviewed,
airis_dc03b92dfce3c235a65b,135576,InstaVolt Waterfront Retail Park,"Waterfront Retail Park, Barry",CF64 4BA,51.401095,-3.268866,InstaVolt Ltd,Open Charge Map Contributors,operational,2.0,4.0,50.0,public,£0.75/kWh,https://openchargemap.org/site/poi/details/135576,2023-04-03T08:29:00Z,Licensed under Creative Commons Attribution 4.0 International (CC BY 4.0),Open Charge Map; Data Provider: Open Charge Map Contributors,unreviewed,
airis_c4b466c0654970ad04ab,167024,Morrisons Caerphilly,"44 Castle St, Caerphilly, Wales",CF83 1NU,51.57727,-3.215604,The GeniePoint Network ( EQUANS EV Solutions ),Open Charge Map Contributors,operational,,3.0,50.0,public,£1 connection fee then 30p per kw,https://openchargemap.org/site/poi/details/167024,2020-10-07T12:45:00Z,Licensed under Creative Commons Attribution 4.0 International (CC BY 4.0),Open Charge Map; Data Provider: Open Charge Map Contributors,unreviewed,
airis_942cb171bb0286d52bed,260057,Red Kite Pub & Restaurant,"Nantgarw Road, Caerphilly",CF83 2AX,51.5713,-3.2447787,Osprey Charging,Open Charge Map Contributors,operational,4.0,6.0,50.0,public,£0.79/kWh,https://openchargemap.org/site/poi/details/260057,2024-08-29T15:08:00Z,Licensed under Creative Commons Attribution 4.0 International (CC BY 4.0),Open Charge Map; Data Provider: Open Charge Map Contributors,unreviewed,
airis_aaa3551cfff207a65945,213993,Morrisons,"Penny Way, Barry",CF63 4BA,51.401489,-3.271728,The GeniePoint Network ( EQUANS EV Solutions ),UK National Charge Point Registry,,,,50.0,public,,https://openchargemap.org/site/poi/details/213993,2023-05-04T08:39:00Z,Contains public sector information licensed under the Open Government Licence v2.0.,Open Charge Map; Data Provider: UK National Charge Point Registry,unreviewed,
airis_a45b3529c7cf68ca4b3d,286425,"Aber Railway Station, Nantgarw Road","Aber Railway Station, Nantgarw Road, Carephilly",CF83 1AT,51.576004,-3.23067,Connected Kerb,UK National Charge Point Registry,unknown,,,7.0,public,,https://openchargemap.org/site/poi/details/286425,2023-12-07T08:11:00Z,Contains public sector information licensed under the Open Government Licence v2.0.,Open Charge Map; Data Provider: UK National Charge Point Registry,unreviewed,
airis_d7524140b1411ab84e05,285518,"Broad Street, Barry","Broad Street, Vale Of Glamorgan, Barry",CF62 7AH,51.401858,-3.277924,Connected Kerb,UK National Charge Point Registry,unknown,,,22.0,public,,https://openchargemap.org/site/poi/details/285518,2023-12-07T08:09:00Z,Contains public sector information licensed under the Open Government Licence v2.0.,Open Charge Map; Data Provider: UK National Charge Point Registry,unreviewed,
airis_b314399b940845a06fc0,251106,BSC2 Carpark,"BSC2 Carpark, Barry",CF62 5QL,51.400511,-3.27942,Connected Kerb,UK National Charge Point Registry,,,,7.0,public,,https://openchargemap.org/site/poi/details/251106,2023-03-08T04:15:00Z,Contains public sector information licensed under the Open Government Licence v2.0.,Open Charge Map; Data Provider: UK National Charge Point Registry,unreviewed,
airis_aab3010ae8dddbc6910e,47114,ASDA Barry Superstore,"Ffordd y Mileniwm, Barry Island, Barry, Vale of Glamorgan",CF62 5AT,51.397175,-3.278613,BP Pulse (UK),Open Charge Map Contributors,operational,4.0,4.0,7.0,public,Inclusive; for Polar Plus subscription members only,https://openchargemap.org/site/poi/details/47114,2019-03-06T06:22:00Z,Licensed under Creative Commons Attribution 4.0 International (CC BY 4.0),Open Charge Map; Data Provider: Open Charge Map Contributors,unreviewed,
airis_b48efd1f68193afc345b,259892,Green Lady,"Green Lady, Pontygwindy Raod, Caerphilly",CF83 3HF,51.584257,-3.219711,Osprey Charging,Open Charge Map Contributors,operational,4.0,4.0,75.0,public,£0.79/kWh,https://openchargemap.org/site/poi/details/259892,2024-07-09T12:50:00Z,Licensed under Creative Commons Attribution 4.0 International (CC BY 4.0),Open Charge Map; Data Provider: Open Charge Map Contributors,unreviewed,
airis_f60f3eaf934c72f81eb3,285479,"Nell?s Point, Barry","Nell?s Point Car Park, Barry",CF62 5AH,51.391034,-3.270785,Connected Kerb,UK National Charge Point Registry,unknown,,,22.0,public,,https://openchargemap.org/site/poi/details/285479,2023-12-07T08:09:00Z,Contains public sector information licensed under the Open Government Licence v2.0.,Open Charge Map; Data Provider: UK National Charge Point Registry,unreviewed,
airis_2f033618fe8ae9c0bfcf,285483,"Harbour Road, Barry","Harbour Road Car Park, Barry",CF62 5BJ,51.392784,-3.278988,Connected Kerb,UK National Charge Point Registry,unknown,,,7.0,public,,https://openchargemap.org/site/poi/details/285483,2023-12-07T08:09:00Z,Contains public sector information licensed under the Open Government Licence v2.0.,Open Charge Map; Data Provider: UK National Charge Point Registry,unreviewed,
airis_2bc25ba0284fdae7d418,286506,Tesco Superstore - Caerphilly,"Parc Pontypandy Crossways Retail Park, Caerphilly",CF83 3NL,51.589753,-3.21213,POD Point (UK),Open Charge Map Contributors,unknown,,,7.0,public,,https://openchargemap.org/site/poi/details/286506,2025-03-10T06:35:00Z,Licensed under Creative Commons Attribution 4.0 International (CC BY 4.0),Open Charge Map; Data Provider: Open Charge Map Contributors,unreviewed,
airis_423f15ff2979af258f31,200709,Navigation Street Car Park,"Navigation Street, Trethomas",CF83 8DJ,51.592386,-3.18374,Silverstone Green Energy,UK National Charge Point Registry,,,,22.0,public,,https://openchargemap.org/site/poi/details/200709,2023-05-04T08:49:00Z,Contains public sector information licensed under the Open Government Licence v2.0.,Open Charge Map; Data Provider: UK National Charge Point Registry,unreviewed,
airis_cc1cdce6253e605c3d01,149810,Gallagher Retail Park,"Parc Pontypandy, Porset, Caerphilly",CF83 3GX,51.5904159,-3.2150822,InstaVolt Ltd,Open Charge Map Contributors,operational,2.0,4.0,62.0,public,£0.75/kWh,https://openchargemap.org/site/poi/details/149810,2023-04-03T08:29:00Z,Licensed under Creative Commons Attribution 4.0 International (CC BY 4.0),Open Charge Map; Data Provider: Open Charge Map Contributors,unreviewed,
airis_e96c9a039c569b2b212a,268050,MISKIN V21,"Renishaw plc Miskin, Pontyclun",CF72 8XY,51.506801,-3.35311,ChargePoint,UK National Charge Point Registry,,,,22.0,public,,https://openchargemap.org/site/poi/details/268050,2023-12-07T08:10:00Z,Contains public sector information licensed under the Open Government Licence v2.0.,Open Charge Map; Data Provider: UK National Charge Point Registry,unreviewed,
airis_757c2e789ed3550ffe10,268046,MISKIN A3,"Renishaw plc Miskin, Pontyclun",CF72 8XY,51.506204,-3.353569,ChargePoint,UK National Charge Point Registry,,,,22.0,public,,https://openchargemap.org/site/poi/details/268046,2023-12-07T08:10:00Z,Contains public sector information licensed under the Open Government Licence v2.0.,Open Charge Map; Data Provider: UK National Charge Point Registry,unreviewed,
airis_07ae7048ee577fe2e2e3,268047,MISKIN A10,"Renishaw plc Miskin, Pontyclun",CF72 8XY,51.506315,-3.353846,ChargePoint,UK National Charge Point Registry,,,,22.0,public,,https://openchargemap.org/site/poi/details/268047,2023-12-07T08:10:00Z,Contains public sector information licensed under the Open Government Licence v2.0.,Open Charge Map; Data Provider: UK National Charge Point Registry,unreviewed,
airis_a7c9e865947035aabc9c,268048,MISKIN A19,"Renishaw plc Miskin, Pontyclun",CF72 8XY,51.506439,-3.354223,ChargePoint,UK National Charge Point Registry,,,,22.0,public,,https://openchargemap.org/site/poi/details/268048,2023-12-07T08:10:00Z,Contains public sector information licensed under the Open Government Licence v2.0.,Open Charge Map; Data Provider: UK National Charge Point Registry,unreviewed,
airis_1a2e162e06579395168b,127107,Dŵr Cymru Welsh Water Newport,"Celtic Springs Business Park, Newport",NP10  8FZ,51.557838,-3.044388,Hubsta,Open Charge Map Contributors,operational,2.0,2.0,7.0,private,,https://openchargemap.org/site/poi/details/127107,2019-05-27T22:07:00Z,Licensed under Creative Commons Attribution 4.0 International (CC BY 4.0),Open Charge Map; Data Provider: Open Charge Map Contributors,unreviewed,
airis_9cc21bf4353cf0533b88,285482,"Bron Y Mor, Barry","Bron Y Mor Car Park, Vale of Glamorgan, Barry",CF62 6SW,51.392234,-3.292299,Connected Kerb,UK National Charge Point Registry,unknown,,,7.0,public,,https://openchargemap.org/site/poi/details/285482,2023-12-07T08:09:00Z,Contains public sector information licensed under the Open Government Licence v2.0.,Open Charge Map; Data Provider: UK National Charge Point Registry,unreviewed,
airis_33ed4527c1eb7ebaab7d,286565,"The Crescent, Machen","The Crescent Car Park, Machen, Caerphilly",CF83 8ND,51.595006,-3.142358,Connected Kerb,UK National Charge Point Registry,unknown,,,22.0,public,,https://openchargemap.org/site/poi/details/286565,2023-12-07T08:12:00Z,Contains public sector information licensed under the Open Government Licence v2.0.,Open Charge Map; Data Provider: UK National Charge Point Registry,unreviewed,
airis_0af1271b9505c0e50595,136569,Griffin Mill Garages - Nissan,"Upper Boat, Pontypridd, South Wales, Pontypridd",CF37 5YE,51.576502,-3.288163,POD Point (UK),Open Charge Map Contributors,,,,7.0,public,,https://openchargemap.org/site/poi/details/136569,2025-03-10T06:38:00Z,Licensed under Creative Commons Attribution 4.0 International (CC BY 4.0),Open Charge Map; Data Provider: Open Charge Map Contributors,unreviewed,
airis_852c3956d4600e17e3f3,285476,"Knap Terrace, Barry","Knap Terrace Car Park, Vale of Glamorgan, Barry",CF62 6TA,51.390169,-3.296315,Connected Kerb,UK National Charge Point Registry,unknown,,,22.0,public,,https://openchargemap.org/site/poi/details/285476,2023-12-07T08:09:00Z,Contains public sector information licensed under the Open Government Licence v2.0.,Open Charge Map; Data Provider: UK National Charge Point Registry,unreviewed,
airis_5f60e454d17e85efbaa3,289978,Aubrey Arms,"Aubrey Arms, Swansea Road, Cardiff",CF5 6TQ,51.456726,-3.36277,Osprey Charging,Open Charge Map Contributors,operational,2.0,4.0,60.0,public,£0.79/kWh,https://openchargemap.org/site/poi/details/289978,2024-05-24T12:02:00Z,Licensed under Creative Commons Attribution 4.0 International (CC BY 4.0),Open Charge Map; Data Provider: Open Charge Map Contributors,unreviewed,
airis_dc9e12abc9161ec8901f,54514,Griffin Mill Garages-Nissan,"Upper Boat, Pontypridd, Rhondda Cynon Taf",CF37 5YH,51.57472,-3.294382,Nissan UK Dealer Network,Open Charge Map Contributors,operational,2.0,2.0,7.0,public,Free,https://openchargemap.org/site/poi/details/54514,2022-08-15T18:35:00Z,Licensed under Creative Commons Attribution 4.0 International (CC BY 4.0),Open Charge Map; Data Provider: Open Charge Map Contributors,unreviewed,
airis_f9fb5adefea17e466ef5,92837,The Hyundai Centre-Hutchings Hyundai,"The Hyundai Centre, Pontypridd",CF37 5YH,51.575511,-3.295223,POD Point (UK),Open Charge Map Contributors,unknown,3.0,3.0,7.0,private,Free,https://openchargemap.org/site/poi/details/92837,2023-10-09T13:14:00Z,Licensed under Creative Commons Attribution 4.0 International (CC BY 4.0),Open Charge Map; Data Provider: Open Charge Map Contributors,unreviewed,
airis_939a30ba62d8a32914cd,112843,Holiday Inn Express Newport,"Lakeside Drive, Duffryn, Newport",NP10 8BB,51.5606,-3.0361,BP Pulse (UK),Open Charge Map Contributors,operational,1.0,3.0,50.0,public,£0.79/kWh; other tariffs available,https://openchargemap.org/site/poi/details/112843,2023-08-23T10:25:00Z,Licensed under Creative Commons Attribution 4.0 International (CC BY 4.0),Open Charge Map; Data Provider: Open Charge Map Contributors,unreviewed,
airis_13419708f486da301376,285485,"Porthkerry Park, Barry","Porthkerry Park Car Park, Vale Of Glamorgan, Barry",CF62 3BY,51.393979,-3.315205,Connected Kerb,UK National Charge Point Registry,unknown,,,7.0,public,,https://openchargemap.org/site/poi/details/285485,2023-12-07T08:09:00Z,Contains public sector information licensed under the Open Government Licence v2.0.,Open Charge Map; Data Provider: UK National Charge Point Registry,unreviewed,
airis_4696ee808a6fd0706a76,286412,"Llantwit Fardre Leisure Centre, Pontypridd","Llantwit Fardre Leisure Centre, Cardiff",CF38 1DN,51.567693,-3.3184,Connected Kerb,UK National Charge Point Registry,unknown,,,22.0,public,,https://openchargemap.org/site/poi/details/286412,2023-12-07T08:11:00Z,Contains public sector information licensed under the Open Government Licence v2.0.,Open Charge Map; Data Provider: UK National Charge Point Registry,unreviewed,
airis_471c601dcf47790adba9,286475,Tesco Extra - Pontypridd,"Gelli-Hirion Industrial Estate, Pontypridd",CF37 5SN,51.580388,-3.296328,POD Point (UK),Open Charge Map Contributors,unknown,,,7.0,public,,https://openchargemap.org/site/poi/details/286475,2025-03-10T06:37:00Z,Licensed under Creative Commons Attribution 4.0 International (CC BY 4.0),Open Charge Map; Data Provider: Open Charge Map Contributors,unreviewed,
airis_bcf0c94d6d53367c5fe7,31389,National Trust Tredegar House,"Newport, South Wales",NP10 8YW,51.561601,-3.028106,Zero Carbon World,Open Charge Map Contributors,operational,1.0,1.0,7.0,public,,https://openchargemap.org/site/poi/details/31389,2015-06-01T19:55:00Z,Licensed under Creative Commons Attribution 4.0 International (CC BY 4.0),Open Charge Map; Data Provider: Open Charge Map Contributors,unreviewed,
airis_090ca116cb6d683cefe0,200715,Abertridwr Library,"Aberfawr Rd, Abertridwr",CF83 4EJ,51.595,-3.26841,Silverstone Green Energy,UK National Charge Point Registry,,,,22.0,public,,https://openchargemap.org/site/poi/details/200715,2023-05-04T08:49:00Z,Contains public sector information licensed under the Open Government Licence v2.0.,Open Charge Map; Data Provider: UK National Charge Point Registry,unreviewed,
airis_1d61ceeb46effedc34a0,157910,Concept House,"South Wales, Newport",NP10 8QQ,51.567146,-3.029248,BP Pulse (UK),UK National Charge Point Registry,,,,22.0,public,,https://openchargemap.org/site/poi/details/157910,2023-05-04T08:49:00Z,Contains public sector information licensed under the Open Government Licence v2.0.,Open Charge Map; Data Provider: UK National Charge Point Registry,unreviewed,
airis_267ec86eab9a28ca2261,259992,Hawthorn Inn,"Hawthorn Inn, Pontypridd",CF37 5AG,51.580159,-3.307423,Osprey Charging,Open Charge Map Contributors,operational,4.0,6.0,75.0,public,£0.79/kWh,https://openchargemap.org/site/poi/details/259992,2024-05-20T11:21:00Z,Licensed under Creative Commons Attribution 4.0 International (CC BY 4.0),Open Charge Map; Data Provider: Open Charge Map Contributors,unreviewed,
airis_b1fdff4e2221e406c7b3,200729,Station Road Car Park,"Station Road, Llanbradach",CF83 3LF,51.6044,-3.23128,Silverstone Green Energy,UK National Charge Point Registry,,,,22.0,public,,https://openchargemap.org/site/poi/details/200729,2023-05-04T08:49:00Z,Contains public sector information licensed under the Open Government Licence v2.0.,Open Charge Map; Data Provider: UK National Charge Point Registry,unreviewed,
airis_8d94d0ae240c5a20acc0,157804,Holiday Inn Express Cardiff Airport Port Road,"Rhoose, Cardiff",CF62 3BT,51.397797,-3.332942,BP Pulse (UK),Open Charge Map Contributors,,,,50.0,public,£0.79/kWh; other tariffs available,https://openchargemap.org/site/poi/details/157804,2023-08-23T10:45:00Z,Licensed under Creative Commons Attribution 4.0 International (CC BY 4.0),Open Charge Map; Data Provider: Open Charge Map Contributors,unreviewed,
airis_e41f7892997425075f14,187801,Rogerstone,"Rogerstone, Newport",NP10 9NA,51.584775,-3.052874,VIRTA,Open Charge Map Contributors,operational,1.0,,100.0,public,£0.63/kWh; other tariffs available,https://openchargemap.org/site/poi/details/187801,2022-04-15T11:38:00Z,Licensed under Creative Commons Attribution 4.0 International (CC BY 4.0),Open Charge Map; Data Provider: Open Charge Map Contributors,unreviewed,
airis_6e56112f936cea97a312,173047,Tesco Extra-Risca,"Pontymister Industrial Estate, Newport Road, Risca",NP11 6NP,51.60259,-3.097831,POD Point (UK),Open Charge Map Contributors,operational,4.0,6.0,50.0,public,£0.49/kWh,https://openchargemap.org/site/poi/details/173047,2023-06-11T05:19:00Z,Licensed under Creative Commons Attribution 4.0 International (CC BY 4.0),Open Charge Map; Data Provider: Open Charge Map Contributors,unreviewed,
airis_9a9e0d1bdd0fccd5ba10,200637,"Tredegar Park, Newport",Newport,NP10 8YJ,51.569014,-3.021717,Silverstone Green Energy,UK National Charge Point Registry,,,,22.0,public,,https://openchargemap.org/site/poi/details/200637,2023-05-04T08:49:00Z,Contains public sector information licensed under the Open Government Licence v2.0.,Open Charge Map; Data Provider: UK National Charge Point Registry,unreviewed,
airis_a11735aebc119b1aa035,214501,Azalea Road,"Azalea Road, Rogerstone",NP10 9SA,51.597099,-3.078313,The GeniePoint Network ( EQUANS EV Solutions ),UK National Charge Point Registry,,,,50.0,public,,https://openchargemap.org/site/poi/details/214501,2023-02-13T04:25:00Z,Contains public sector information licensed under the Open Government Licence v2.0.,Open Charge Map; Data Provider: UK National Charge Point Registry,unreviewed,
airis_92fccb1eaa36a10cdaba,214500,"Rivermead Centre Car Park, Newport","Rivermead Centre Car Par, Newport",NP10 9LZ,51.594429,-3.070126,Connected Kerb,UK National Charge Point Registry,,,,22.0,public,,https://openchargemap.org/site/poi/details/214500,2023-05-04T08:49:00Z,Contains public sector information licensed under the Open Government Licence v2.0.,Open Charge Map; Data Provider: UK National Charge Point Registry,unreviewed,
airis_3d6148433941110af485,213043,Pye Corner Railway Station,"Western Valley Road, Pye Corner, Newport, Cymru / Wales",NP10 9DU,51.58147283050593,-3.041134763146971,Dragon Charging,Open Charge Map Contributors,operational,2.0,2.0,22.0,public,£0.65/kWh,https://openchargemap.org/site/poi/details/213043,2023-01-29T17:41:00Z,Licensed under Creative Commons Attribution 4.0 International (CC BY 4.0),Open Charge Map; Data Provider: Open Charge Map Contributors,unreviewed,
airis_b5ff329f63c578c590a4,259470,InstaVolt McDonald's Meadowland,"Afon Ebbw Road, Rogerstone, Newport, Wales",NP10 9HZ,51.5974622,-3.0765198,InstaVolt Ltd,Open Charge Map Contributors,operational,2.0,4.0,120.0,public,£0.75/kWh,https://openchargemap.org/site/poi/details/259470,2023-04-03T08:27:00Z,Licensed under Creative Commons Attribution 4.0 International (CC BY 4.0),Open Charge Map; Data Provider: Open Charge Map Contributors,unreviewed,
airis_ff58d85c4594a9af6356,173611,NP10 9LG,Newport,NP10 9LG,51.595108,-3.066715,The GeniePoint Network ( EQUANS EV Solutions ),UK National Charge Point Registry,unknown,,,22.0,public,,https://openchargemap.org/site/poi/details/173611,2021-03-03T11:25:00Z,Contains public sector information licensed under the Open Government Licence v2.0.,Open Charge Map; Data Provider: UK National Charge Point Registry,unreviewed,
airis_a26228573e5991dd5237,205043,Tesco Extra-Pontyclun Talbot Green,"Green Park, Talbot Green, Pontyclun",CF72 8RB,51.534967,-3.377051,POD Point (UK),Open Charge Map Contributors,operational,4.0,4.0,7.0,public,£0.44/kWh,https://openchargemap.org/site/poi/details/205043,2023-04-03T18:51:00Z,Licensed under Creative Commons Attribution 4.0 International (CC BY 4.0),Open Charge Map; Data Provider: Open Charge Map Contributors,unreviewed,
