station_id,source_record_id,station_name,address,postcode,latitude,longitude,operator_name,operational_status,number_of_evses,number_of_connectors,maximum_power_kw,access_type,usage_cost,data_provider,source_url,source_last_updated,licence,attribution,verification_status,boundary_status,flood_river_band,flood_river_score,flood_sea_band,flood_sea_score,flood_surface_water_band,flood_surface_water_score,flood_score,flood_dominant_source,flood_match_count,lsoa_code,lsoa_name,income_deprivation_percentage,deprivation_score,deprivation_match_status,enrichment_timestamp,dataset_version,verification_notes,boundary_authority_code,boundary_authority_name,boundary_dataset,boundary_filter_timestamp,boundary_filter_version,flood_river_match_count,flood_sea_match_count,flood_surface_water_match_count,flood_data_version,flood_enrichment_timestamp,flood_enrichment_status,flood_enrichment_notes,flood_hazard_source_count,deprivation_match_count,deprivation_candidate_codes,deprivation_match_ambiguous,deprivation_match_method,lsoa_name_welsh,deprivation_source,deprivation_source_release,deprivation_enrichment_timestamp,deprivation_enrichment_notes,verified_dataset_status,verified_dataset_notes
airis_0175f0f6390e84ca0eb6,285782,"Castle Mews, Cardiff","Castle Mews Car Park, Cardiff",CF10 3EW,51.48512,-3.182573,Connected Kerb,unknown,,,22.0,public,,UK National Charge Point Registry,https://openchargemap.org/site/poi/details/285782,2023-12-07T08:10:00Z,Contains public sector information licensed under the Open Government Licence v2.0.,Open Charge Map; Data Provider: UK National Charge Point Registry,unreviewed,inside,"No mapped Low, Medium or High classification matched.",0,"No mapped Low, Medium or High classification matched.",0,"No mapped Low, Medium or High classification matched.",0,0,"No mapped Low, Medium or High classification matched.",0,W01002019,Cathays 12,10.5,10.5,resolved,2026-07-20T21:45:15.935639+00:00,AIRIS_CARDIFF_VERIFIED_FRAW2026_WIMD2025_V1,,W06000015,Cardiff,Local Authorities - High Water mark,2026-07-20T17:47:54.131690+00:00,1.0.0,0,0,0,FRAW catalogue 2026-05-21 | river layer 2026-05-21 sha256:5E26DD370C446C48BC69F7CAC19FC71633F771E4C04B53A55AD8F2C48DF06CF2 | sea layer 2026-05-21 sha256:125999A7F1C4C46F281B03F2B2E98985BFBE88BA8F61424132FAA364F3E7DFFA | surface_water layer 2022-11-28 sha256:432444DC177277C9CEF467E24A798224C27E053904B5AA471B7604646204D22D,2026-07-20T19:20:50.001880+00:00,enriched,,0,1,W01002019,False,polygon covers point,Caerdydd 032H,WIMD 2025 income and employment indicators,WIMD 2025,2026-07-20T21:45:15.935639+00:00,,usable,
airis_0235119709426a653f5d,100171,InstaVolt Bannatyne Health Club & Spa,"Parc Ty Glas, Llanishen, Cardiff",CF14 5DU,51.5242172,-3.1918042,InstaVolt Ltd,operational,2.0,4.0,50.0,public,£0.75/kWh,Open Charge Map Contributors,https://openchargemap.org/site/poi/details/100171,2023-04-03T08:29:00Z,Licensed under Creative Commons Attribution 4.0 International (CC BY 4.0),Open Charge Map; Data Provider: Open Charge Map Contributors,unreviewed,inside,"No mapped Low, Medium or High classification matched.",0,"No mapped Low, Medium or High classification matched.",0,"No mapped Low, Medium or High classification matched.",0,0,"No mapped Low, Medium or High classification matched.",0,W01001791,Llanishen 1,14.0,14.0,resolved,2026-07-20T21:45:15.935639+00:00,AIRIS_CARDIFF_VERIFIED_FRAW2026_WIMD2025_V1,,W06000015,Cardiff,Local Authorities - High Water mark,2026-07-20T17:47:54.131690+00:00,1.0.0,0,0,0,FRAW catalogue 2026-05-21 | river layer 2026-05-21 sha256:5E26DD370C446C48BC69F7CAC19FC71633F771E4C04B53A55AD8F2C48DF06CF2 | sea layer 2026-05-21 sha256:125999A7F1C4C46F281B03F2B2E98985BFBE88BA8F61424132FAA364F3E7DFFA | surface_water layer 2022-11-28 sha256:432444DC177277C9CEF467E24A798224C27E053904B5AA471B7604646204D22D,2026-07-20T19:20:50.001880+00:00,enriched,,0,1,W01001791,False,polygon covers point,Caerdydd 005A,WIMD 2025 income and employment indicators,WIMD 2025,2026-07-20T21:45:15.935639+00:00,,usable,
airis_0328717e3cea0ac1806f,265999,EVC Holiday Inn Express Cardiff,"Longueil Close, Schooner Way, Cardiff",CF10 4EE,51.47244440973024,-3.164669448584325,Roam Charging (UK),operational,4.0,4.0,22.0,public,,Open Charge Map Contributors,https://openchargemap.org/site/poi/details/265999,2023-05-26T09:40:00Z,Licensed under Creative Commons Attribution 4.0 International (CC BY 4.0),Open Charge Map; Data Provider: Open Charge Map Contributors,unreviewed,inside,"No mapped Low, Medium or High classification matched.",0,"No mapped Low, Medium or High classification matched.",0,"No mapped Low, Medium or High classification matched.",0,0,"No mapped Low, Medium or High classification matched.",0,W01001944,Butetown 5,18.3,18.3,resolved,2026-07-20T21:45:15.935639+00:00,AIRIS_CARDIFF_VERIFIED_FRAW2026_WIMD2025_V1,,W06000015,Cardiff,Local Authorities - High Water mark,2026-07-20T17:47:54.131690+00:00,1.0.0,0,0,0,FRAW catalogue 2026-05-21 | river layer 2026-05-21 sha256:5E26DD370C446C48BC69F7CAC19FC71633F771E4C04B53A55AD8F2C48DF06CF2 | sea layer 2026-05-21 sha256:125999A7F1C4C46F281B03F2B2E98985BFBE88BA8F61424132FAA364F3E7DFFA | surface_water layer 2022-11-28 sha256:432444DC177277C9CEF467E24A798224C27E053904B5AA471B7604646204D22D,2026-07-20T19:20:50.001880+00:00,enriched,,0,1,W01001944,False,polygon covers point,Caerdydd 048C,WIMD 2025 income and employment indicators,WIMD 2025,2026-07-20T21:45:15.935639+00:00,,usable,
airis_0335f6a8946af5ec92c5,88787,St David's Shopping Centre,"St David's Shopping Centre Bridge Street Arcade, Cardiff",CF10 2EQ,51.479103,-3.174819,Tesla (Tesla-only charging),operational,2.0,2.0,13.0,public,,Open Charge Map Contributors,https://openchargemap.org/site/poi/details/88787,2018-10-03T15:07:00Z,Licensed under Creative Commons Attribution 4.0 International (CC BY 4.0),Open Charge Map; Data Provider: Open Charge Map Contributors,unreviewed,inside,"No mapped Low, Medium or High classification matched.",0,"No mapped Low, Medium or High classification matched.",0,"No mapped Low, Medium or High classification matched.",0,0,"No mapped Low, Medium or High classification matched.",0,W01002019,Cathays 12,10.5,10.5,resolved,2026-07-20T21:45:15.935639+00:00,AIRIS_CARDIFF_VERIFIED_FRAW2026_WIMD2025_V1,,W06000015,Cardiff,Local Authorities - High Water mark,2026-07-20T17:47:54.131690+00:00,1.0.0,0,0,0,FRAW catalogue 2026-05-21 | river layer 2026-05-21 sha256:5E26DD370C446C48BC69F7CAC19FC71633F771E4C04B53A55AD8F2C48DF06CF2 | sea layer 2026-05-21 sha256:125999A7F1C4C46F281B03F2B2E98985BFBE88BA8F61424132FAA364F3E7DFFA | surface_water layer 2022-11-28 sha256:432444DC177277C9CEF467E24A798224C27E053904B5AA471B7604646204D22D,2026-07-20T19:20:50.001880+00:00,enriched,,0,1,W01002019,False,polygon covers point,Caerdydd 032H,WIMD 2025 income and employment indicators,WIMD 2025,2026-07-20T21:45:15.935639+00:00,,usable,
airis_046f7aff802305a339e7,47246,NCP Dumfries Place,"Dumfries Place, Cardiff",CF10 3FN,51.478001,-3.16922,BP Pulse (UK),operational,2.0,4.0,7.0,public,Inclusive; for Polar Plus subscription members only. Parking fees apply,Open Charge Map Contributors,https://openchargemap.org/site/poi/details/47246,2019-03-06T06:32:00Z,Licensed under Creative Commons Attribution 4.0 International (CC BY 4.0),Open Charge Map; Data Provider: Open Charge Map Contributors,unreviewed,inside,"No mapped Low, Medium or High classification matched.",0,Low,35,Low,35,35,sea|surface_water,2,W01001695,Adamsdown 2,19.1,19.1,resolved,2026-07-20T21:45:15.935639+00:00,AIRIS_CARDIFF_VERIFIED_FRAW2026_WIMD2025_V1,,W06000015,Cardiff,Local Authorities - High Water mark,2026-07-20T17:47:54.131690+00:00,1.0.0,0,1,1,FRAW catalogue 2026-05-21 | river layer 2026-05-21 sha256:5E26DD370C446C48BC69F7CAC19FC71633F771E4C04B53A55AD8F2C48DF06CF2 | sea layer 2026-05-21 sha256:125999A7F1C4C46F281B03F2B2E98985BFBE88BA8F61424132FAA364F3E7DFFA | surface_water layer 2022-11-28 sha256:432444DC177277C9CEF467E24A798224C27E053904B5AA471B7604646204D22D,2026-07-20T19:20:50.001880+00:00,enriched,,2,1,W01001695,False,polygon covers point,Caerdydd 036B,WIMD 2025 income and employment indicators,WIMD 2025,2026-07-20T21:45:15.935639+00:00,,usable,
airis_081d317754d82aaf4090,260068,Park Place,"Park Place, Cardiff",CF10 3RL,51.485936,-3.176613,Osprey Charging,operational,4.0,4.0,50.0,public,£0.79/kWh,Open Charge Map Contributors,https://openchargemap.org/site/poi/details/260068,2024-07-09T12:50:00Z,Licensed under Creative Commons Attribution 4.0 International (CC BY 4.0),Open Charge Map; Data Provider: Open Charge Map Contributors,unreviewed,inside,"No mapped Low, Medium or High classification matched.",0,"No mapped Low, Medium or High classification matched.",0,"No mapped Low, Medium or High classification matched.",0,0,"No mapped Low, Medium or High classification matched.",0,W01002019,Cathays 12,10.5,10.5,resolved,2026-07-20T21:45:15.935639+00:00,AIRIS_CARDIFF_VERIFIED_FRAW2026_WIMD2025_V1,,W06000015,Cardiff,Local Authorities - High Water mark,2026-07-20T17:47:54.131690+00:00,1.0.0,0,0,0,FRAW catalogue 2026-05-21 | river layer 2026-05-21 sha256:5E26DD370C446C48BC69F7CAC19FC71633F771E4C04B53A55AD8F2C48DF06CF2 | sea layer 2026-05-21 sha256:125999A7F1C4C46F281B03F2B2E98985BFBE88BA8F61424132FAA364F3E7DFFA | surface_water layer 2022-11-28 sha256:432444DC177277C9CEF467E24A798224C27E053904B5AA471B7604646204D22D,2026-07-20T19:20:50.001880+00:00,enriched,,0,1,W01002019,False,polygon covers point,Caerdydd 032H,WIMD 2025 income and employment indicators,WIMD 2025,2026-07-20T21:45:15.935639+00:00,,usable,
airis_0866395be71fb88857e7,252001,DRAX00238,"Tyndall Street, Cardiff",CF10 4BE,51.47672,-3.16755,Drax Energy Solutions Limited,,,,22.0,public,,UK National Charge Point Registry,https://openchargemap.org/site/poi/details/252001,2023-05-04T08:42:00Z,Contains public sector information licensed under the Open Government Licence v2.0.,Open Charge Map; Data Provider: UK National Charge Point Registry,unreviewed,inside,"No mapped Low, Medium or High classification matched.",0,"No mapped Low, Medium or High classification matched.",0,"No mapped Low, Medium or High classification matched.",0,0,"No mapped Low, Medium or High classification matched.",0,W01001951,Butetown 7,13.8,13.8,resolved,2026-07-20T21:45:15.935639+00:00,AIRIS_CARDIFF_VERIFIED_FRAW2026_WIMD2025_V1,,W06000015,Cardiff,Local Authorities - High Water mark,2026-07-20T17:47:54.131690+00:00,1.0.0,0,0,0,FRAW catalogue 2026-05-21 | river layer 2026-05-21 sha256:5E26DD370C446C48BC69F7CAC19FC71633F771E4C04B53A55AD8F2C48DF06CF2 | sea layer 2026-05-21 sha256:125999A7F1C4C46F281B03F2B2E98985BFBE88BA8F61424132FAA364F3E7DFFA | surface_water layer 2022-11-28 sha256:432444DC177277C9CEF467E24A798224C27E053904B5AA471B7604646204D22D,2026-07-20T19:20:50.001880+00:00,enriched,,0,1,W01001951,False,polygon covers point,Caerdydd 049E,WIMD 2025 income and employment indicators,WIMD 2025,2026-07-20T21:45:15.935639+00:00,,usable,
airis_096a150517372b2a668d,94121,Wessex Garages Cardiff,"289 Penarth Road, Cardiff",CF11 8AQ,51.468083,-3.206283,Nissan UK Dealer Network,operational,2.0,2.0,7.0,public,1,Open Charge Map Contributors,https://openchargemap.org/site/poi/details/94121,2024-11-15T14:05:00Z,Licensed under Creative Commons Attribution 4.0 International (CC BY 4.0),Open Charge Map; Data Provider: Open Charge Map Contributors,unreviewed,inside,"No mapped Low, Medium or High classification matched.",0,"No mapped Low, Medium or High classification matched.",0,"No mapped Low, Medium or High classification matched.",0,0,"No mapped Low, Medium or High classification matched.",0,W01001711,Canton 3,36.7,36.7,resolved,2026-07-20T21:45:15.935639+00:00,AIRIS_CARDIFF_VERIFIED_FRAW2026_WIMD2025_V1,,W06000015,Cardiff,Local Authorities - High Water mark,2026-07-20T17:47:54.131690+00:00,1.0.0,0,0,0,FRAW catalogue 2026-05-21 | river layer 2026-05-21 sha256:5E26DD370C446C48BC69F7CAC19FC71633F771E4C04B53A55AD8F2C48DF06CF2 | sea layer 2026-05-21 sha256:125999A7F1C4C46F281B03F2B2E98985BFBE88BA8F61424132FAA364F3E7DFFA | surface_water layer 2022-11-28 sha256:432444DC177277C9CEF467E24A798224C27E053904B5AA471B7604646204D22D,2026-07-20T19:20:50.001880+00:00,enriched,,0,1,W01001711,False,polygon covers point,Caerdydd 040C,WIMD 2025 income and employment indicators,WIMD 2025,2026-07-20T21:45:15.935639+00:00,,usable,
airis_0ece004f3926dd3d2f6a,117888,Ibis Budget Cardiff,"Ibis Budget Cardiff, Tyndall Street, Cardiff",CF10 4BE,51.476021,-3.168791,BP Pulse (UK),operational,1.0,1.0,4.0,public,Inclusive; for Polar Plus subscription members only,Open Charge Map Contributors,https://openchargemap.org/site/poi/details/117888,2019-03-08T06:39:00Z,Licensed under Creative Commons Attribution 4.0 International (CC BY 4.0),Open Charge Map; Data Provider: Open Charge Map Contributors,unreviewed,inside,"No mapped Low, Medium or High classification matched.",0,"No mapped Low, Medium or High classification matched.",0,"No mapped Low, Medium or High classification matched.",0,0,"No mapped Low, Medium or High classification matched.",0,W01001951,Butetown 7,13.8,13.8,resolved,2026-07-20T21:45:15.935639+00:00,AIRIS_CARDIFF_VERIFIED_FRAW2026_WIMD2025_V1,,W06000015,Cardiff,Local Authorities - High Water mark,2026-07-20T17:47:54.131690+00:00,1.0.0,0,0,0,FRAW catalogue 2026-05-21 | river layer 2026-05-21 sha256:5E26DD370C446C48BC69F7CAC19FC71633F771E4C04B53A55AD8F2C48DF06CF2 | sea layer 2026-05-21 sha256:125999A7F1C4C46F281B03F2B2E98985BFBE88BA8F61424132FAA364F3E7DFFA | surface_water layer 2022-11-28 sha256:432444DC177277C9CEF467E24A798224C27E053904B5AA471B7604646204D22D,2026-07-20T19:20:50.001880+00:00,enriched,,0,1,W01001951,False,polygon covers point,Caerdydd 049E,WIMD 2025 income and employment indicators,WIMD 2025,2026-07-20T21:45:15.935639+00:00,,usable,
airis_0ed5376b3910e85bcdda,52763,NCP Greyfriars Road,"Greyfriars Road, Cardiff",CF10 3AD,51.483101,-3.17577,BP Pulse (UK),operational,2.0,4.0,7.0,public,£0.59/kWh; other tariffs available. £1.70 per hour for type 2,Open Charge Map Contributors,https://openchargemap.org/site/poi/details/52763,2023-04-03T16:58:00Z,Licensed under Creative Commons Attribution 4.0 International (CC BY 4.0),Open Charge Map; Data Provider: Open Charge Map Contributors,unreviewed,inside,"No mapped Low, Medium or High classification matched.",0,"No mapped Low, Medium or High classification matched.",0,"No mapped Low, Medium or High classification matched.",0,0,"No mapped Low, Medium or High classification matched.",0,W01002019,Cathays 12,10.5,10.5,resolved,2026-07-20T21:45:15.935639+00:00,AIRIS_CARDIFF_VERIFIED_FRAW2026_WIMD2025_V1,,W06000015,Cardiff,Local Authorities - High Water mark,2026-07-20T17:47:54.131690+00:00,1.0.0,0,0,0,FRAW catalogue 2026-05-21 | river layer 2026-05-21 sha256:5E26DD370C446C48BC69F7CAC19FC71633F771E4C04B53A55AD8F2C48DF06CF2 | sea layer 2026-05-21 sha256:125999A7F1C4C46F281B03F2B2E98985BFBE88BA8F61424132FAA364F3E7DFFA | surface_water layer 2022-11-28 sha256:432444DC177277C9CEF467E24A798224C27E053904B5AA471B7604646204D22D,2026-07-20T19:20:50.001880+00:00,enriched,,0,1,W01002019,False,polygon covers point,Caerdydd 032H,WIMD 2025 income and employment indicators,WIMD 2025,2026-07-20T21:45:15.935639+00:00,,usable,
airis_11034ffdcd8f35310fd9,258962,Welcome Break Cardiff Gate Services,"M4 Motorway, Jct 30, Cardiff",CF23 8RA,51.539266,-3.129829,GridServe,operational,4.0,5.0,60.0,public,"DC (contactless): £0.85/kWh, DC (GRIDSERVE app): £0.79/kWh",Open Charge Map Contributors,https://openchargemap.org/site/poi/details/258962,2025-04-28T10:59:00Z,Licensed under Creative Commons Attribution 4.0 International (CC BY 4.0),Open Charge Map; Data Provider: Open Charge Map Contributors,unreviewed,inside,"No mapped Low, Medium or High classification matched.",0,"No mapped Low, Medium or High classification matched.",0,"No mapped Low, Medium or High classification matched.",0,0,"No mapped Low, Medium or High classification matched.",0,W01001842,Pontprennau and Old St Mellons 3,13.6,13.6,resolved,2026-07-20T21:45:15.935639+00:00,AIRIS_CARDIFF_VERIFIED_FRAW2026_WIMD2025_V1,,W06000015,Cardiff,Local Authorities - High Water mark,2026-07-20T17:47:54.131690+00:00,1.0.0,0,0,0,FRAW catalogue 2026-05-21 | river layer 2026-05-21 sha256:5E26DD370C446C48BC69F7CAC19FC71633F771E4C04B53A55AD8F2C48DF06CF2 | sea layer 2026-05-21 sha256:125999A7F1C4C46F281B03F2B2E98985BFBE88BA8F61424132FAA364F3E7DFFA | surface_water layer 2022-11-28 sha256:432444DC177277C9CEF467E24A798224C27E053904B5AA471B7604646204D22D,2026-07-20T19:20:50.001880+00:00,enriched,,0,1,W01001842,False,polygon covers point,Caerdydd 003B,WIMD 2025 income and employment indicators,WIMD 2025,2026-07-20T21:45:15.935639+00:00,,usable,
airis_166a187eab7cb6059083,260025,Bute Crescent,"Bute Crescent, Cardiff",CF10 5AN,51.464247,-3.1649849,Osprey Charging,operational,4.0,4.0,50.0,public,£0.79/kWh,Open Charge Map Contributors,https://openchargemap.org/site/poi/details/260025,2024-08-13T17:03:00Z,Licensed under Creative Commons Attribution 4.0 International (CC BY 4.0),Open Charge Map; Data Provider: Open Charge Map Contributors,unreviewed,inside,"No mapped Low, Medium or High classification matched.",0,"No mapped Low, Medium or High classification matched.",0,"No mapped Low, Medium or High classification matched.",0,0,"No mapped Low, Medium or High classification matched.",0,W01001943,Butetown 4,19.6,19.6,resolved,2026-07-20T21:45:15.935639+00:00,AIRIS_CARDIFF_VERIFIED_FRAW2026_WIMD2025_V1,,W06000015,Cardiff,Local Authorities - High Water mark,2026-07-20T17:47:54.131690+00:00,1.0.0,0,0,0,FRAW catalogue 2026-05-21 | river layer 2026-05-21 sha256:5E26DD370C446C48BC69F7CAC19FC71633F771E4C04B53A55AD8F2C48DF06CF2 | sea layer 2026-05-21 sha256:125999A7F1C4C46F281B03F2B2E98985BFBE88BA8F61424132FAA364F3E7DFFA | surface_water layer 2022-11-28 sha256:432444DC177277C9CEF467E24A798224C27E053904B5AA471B7604646204D22D,2026-07-20T19:20:50.001880+00:00,enriched,,0,1,W01001943,False,polygon covers point,Caerdydd 048B,WIMD 2025 income and employment indicators,WIMD 2025,2026-07-20T21:45:15.935639+00:00,,usable,
airis_18512e9f2cb48402a38f,132460,Stallcourt Avenue - Cardiff,"Stallcourt Avenue, Cardiff",CF23 5AN,51.4946,-3.15485,Evolt Network (Swarco E.Connect),operational,2.0,2.0,7.0,public,£0.31/kWh,Open Charge Map Contributors,https://openchargemap.org/site/poi/details/132460,2019-10-02T08:53:00Z,Licensed under Creative Commons Attribution 4.0 International (CC BY 4.0),Open Charge Map; Data Provider: Open Charge Map Contributors,unreviewed,inside,Medium,65,Medium,65,"No mapped Low, Medium or High classification matched.",0,65,river|sea,2,W01001825,Penylan 5,20.6,20.6,resolved,2026-07-20T21:45:15.935639+00:00,AIRIS_CARDIFF_VERIFIED_FRAW2026_WIMD2025_V1,,W06000015,Cardiff,Local Authorities - High Water mark,2026-07-20T17:47:54.131690+00:00,1.0.0,1,1,0,FRAW catalogue 2026-05-21 | river layer 2026-05-21 sha256:5E26DD370C446C48BC69F7CAC19FC71633F771E4C04B53A55AD8F2C48DF06CF2 | sea layer 2026-05-21 sha256:125999A7F1C4C46F281B03F2B2E98985BFBE88BA8F61424132FAA364F3E7DFFA | surface_water layer 2022-11-28 sha256:432444DC177277C9CEF467E24A798224C27E053904B5AA471B7604646204D22D,2026-07-20T19:20:50.001880+00:00,enriched,,2,1,W01001825,False,polygon covers point,Caerdydd 029D,WIMD 2025 income and employment indicators,WIMD 2025,2026-07-20T21:45:15.935639+00:00,,usable,
airis_19a85544f2b3ea7fb9ce,259952,Three Arches,"Three Arches, Heathwood Road, Cardiff",CF14 4HS,51.519434,-3.180886,Osprey Charging,operational,4.0,4.0,75.0,public,£0.79/kWh,Open Charge Map Contributors,https://openchargemap.org/site/poi/details/259952,2024-08-29T15:09:00Z,Licensed under Creative Commons Attribution 4.0 International (CC BY 4.0),Open Charge Map; Data Provider: Open Charge Map Contributors,unreviewed,inside,"No mapped Low, Medium or High classification matched.",0,"No mapped Low, Medium or High classification matched.",0,"No mapped Low, Medium or High classification matched.",0,0,"No mapped Low, Medium or High classification matched.",0,W01001731,Cyncoed 2,4.5,4.5,resolved,2026-07-20T21:45:15.935639+00:00,AIRIS_CARDIFF_VERIFIED_FRAW2026_WIMD2025_V1,,W06000015,Cardiff,Local Authorities - High Water mark,2026-07-20T17:47:54.131690+00:00,1.0.0,0,0,0,FRAW catalogue 2026-05-21 | river layer 2026-05-21 sha256:5E26DD370C446C48BC69F7CAC19FC71633F771E4C04B53A55AD8F2C48DF06CF2 | sea layer 2026-05-21 sha256:125999A7F1C4C46F281B03F2B2E98985BFBE88BA8F61424132FAA364F3E7DFFA | surface_water layer 2022-11-28 sha256:432444DC177277C9CEF467E24A798224C27E053904B5AA471B7604646204D22D,2026-07-20T19:20:50.001880+00:00,enriched,,0,1,W01001731,False,polygon covers point,Caerdydd 008B,WIMD 2025 income and employment indicators,WIMD 2025,2026-07-20T21:45:15.935639+00:00,,usable,
airis_1bba313e22632283295f,200520,Ty Glas Road,"Ty Glas Road, Cardiff",CF14 5EB,51.52515,-3.202318,The GeniePoint Network ( EQUANS EV Solutions ),,,,50.0,public,,UK National Charge Point Registry,https://openchargemap.org/site/poi/details/200520,2023-02-09T08:11:00Z,Contains public sector information licensed under the Open Government Licence v2.0.,Open Charge Map; Data Provider: UK National Charge Point Registry,unreviewed,inside,"No mapped Low, Medium or High classification matched.",0,"No mapped Low, Medium or High classification matched.",0,"No mapped Low, Medium or High classification matched.",0,0,"No mapped Low, Medium or High classification matched.",0,W01001953,Llanishen 12,30.7,30.7,resolved,2026-07-20T21:45:15.935639+00:00,AIRIS_CARDIFF_VERIFIED_FRAW2026_WIMD2025_V1,,W06000015,Cardiff,Local Authorities - High Water mark,2026-07-20T17:47:54.131690+00:00,1.0.0,0,0,0,FRAW catalogue 2026-05-21 | river layer 2026-05-21 sha256:5E26DD370C446C48BC69F7CAC19FC71633F771E4C04B53A55AD8F2C48DF06CF2 | sea layer 2026-05-21 sha256:125999A7F1C4C46F281B03F2B2E98985BFBE88BA8F61424132FAA364F3E7DFFA | surface_water layer 2022-11-28 sha256:432444DC177277C9CEF467E24A798224C27E053904B5AA471B7604646204D22D,2026-07-20T19:20:50.001880+00:00,enriched,,0,1,W01001953,False,polygon covers point,Caerdydd 005G,WIMD 2025 income and employment indicators,WIMD 2025,2026-07-20T21:45:15.935639+00:00,,usable,
airis_1d4ddbd2f7e280d34542,132462,Penylan Library Car Park - Cardiff,"Penylan Library Car Park, Cardiff",CF23 5HW,51.49677,-3.1645,Evolt Network (Swarco E.Connect),operational,2.0,2.0,7.0,public,£0.31/kWh,Open Charge Map Contributors,https://openchargemap.org/site/poi/details/132462,2019-10-02T08:58:00Z,Licensed under Creative Commons Attribution 4.0 International (CC BY 4.0),Open Charge Map; Data Provider: Open Charge Map Contributors,unreviewed,inside,Low,35,"No mapped Low, Medium or High classification matched.",0,"No mapped Low, Medium or High classification matched.",0,35,river,1,W01001836,Plasnewydd 8,18.1,18.1,resolved,2026-07-20T21:45:15.935639+00:00,AIRIS_CARDIFF_VERIFIED_FRAW2026_WIMD2025_V1,,W06000015,Cardiff,Local Authorities - High Water mark,2026-07-20T17:47:54.131690+00:00,1.0.0,1,0,0,FRAW catalogue 2026-05-21 | river layer 2026-05-21 sha256:5E26DD370C446C48BC69F7CAC19FC71633F771E4C04B53A55AD8F2C48DF06CF2 | sea layer 2026-05-21 sha256:125999A7F1C4C46F281B03F2B2E98985BFBE88BA8F61424132FAA364F3E7DFFA | surface_water layer 2022-11-28 sha256:432444DC177277C9CEF467E24A798224C27E053904B5AA471B7604646204D22D,2026-07-20T19:20:50.001880+00:00,enriched,,1,1,W01001836,False,polygon covers point,Caerdydd 030B,WIMD 2025 income and employment indicators,WIMD 2025,2026-07-20T21:45:15.935639+00:00,,usable,
airis_2750ce20495a08e07ec8,132454,Rennie Street,"Rennie Street, Cardiff",CF11 6EG,51.4788,-3.1951,Evolt Network (Swarco E.Connect),operational,2.0,2.0,7.0,public,£0.31/kWh,Open Charge Map Contributors,https://openchargemap.org/site/poi/details/132454,2019-10-02T08:28:00Z,Licensed under Creative Commons Attribution 4.0 International (CC BY 4.0),Open Charge Map; Data Provider: Open Charge Map Contributors,unreviewed,inside,Low,35,Low,35,"No mapped Low, Medium or High classification matched.",0,35,river|sea,2,W01001855,Riverside 1,49.8,49.8,resolved,2026-07-20T21:45:15.935639+00:00,AIRIS_CARDIFF_VERIFIED_FRAW2026_WIMD2025_V1,,W06000015,Cardiff,Local Authorities - High Water mark,2026-07-20T17:47:54.131690+00:00,1.0.0,1,1,0,FRAW catalogue 2026-05-21 | river layer 2026-05-21 sha256:5E26DD370C446C48BC69F7CAC19FC71633F771E4C04B53A55AD8F2C48DF06CF2 | sea layer 2026-05-21 sha256:125999A7F1C4C46F281B03F2B2E98985BFBE88BA8F61424132FAA364F3E7DFFA | surface_water layer 2022-11-28 sha256:432444DC177277C9CEF467E24A798224C27E053904B5AA471B7604646204D22D,2026-07-20T19:20:50.001880+00:00,enriched,,2,1,W01001855,False,polygon covers point,Caerdydd 042A,WIMD 2025 income and employment indicators,WIMD 2025,2026-07-20T21:45:15.935639+00:00,,usable,
airis_32723c6ba4bd541dbc1f,209611,St David's Dewi Sant Shopping Centre,"St David's Dewi Sant Shopping Centre, Crockherbtown, Cardiff",CF10 2EQ,51.478574,-3.174714,POD Point (UK),operational,2.0,2.0,7.0,public,£0.49/kWh,Open Charge Map Contributors,https://openchargemap.org/site/poi/details/209611,2024-07-09T12:50:00Z,Licensed under Creative Commons Attribution 4.0 International (CC BY 4.0),Open Charge Map; Data Provider: Open Charge Map Contributors,unreviewed,inside,"No mapped Low, Medium or High classification matched.",0,"No mapped Low, Medium or High classification matched.",0,"No mapped Low, Medium or High classification matched.",0,0,"No mapped Low, Medium or High classification matched.",0,W01002019,Cathays 12,10.5,10.5,resolved,2026-07-20T21:45:15.935639+00:00,AIRIS_CARDIFF_VERIFIED_FRAW2026_WIMD2025_V1,,W06000015,Cardiff,Local Authorities - High Water mark,2026-07-20T17:47:54.131690+00:00,1.0.0,0,0,0,FRAW catalogue 2026-05-21 | river layer 2026-05-21 sha256:5E26DD370C446C48BC69F7CAC19FC71633F771E4C04B53A55AD8F2C48DF06CF2 | sea layer 2026-05-21 sha256:125999A7F1C4C46F281B03F2B2E98985BFBE88BA8F61424132FAA364F3E7DFFA | surface_water layer 2022-11-28 sha256:432444DC177277C9CEF467E24A798224C27E053904B5AA471B7604646204D22D,2026-07-20T19:20:50.001880+00:00,enriched,,0,1,W01002019,False,polygon covers point,Caerdydd 032H,WIMD 2025 income and employment indicators,WIMD 2025,2026-07-20T21:45:15.935639+00:00,,usable,
airis_33ebf06eb2009e555419,259897,Windsor Place,"Windsor Place, Cardiff",CF10 3BZ,51.483881,-3.173242,Osprey Charging,operational,4.0,4.0,50.0,public,£0.79/kWh,Open Charge Map Contributors,https://openchargemap.org/site/poi/details/259897,2024-08-23T10:31:00Z,Licensed under Creative Commons Attribution 4.0 International (CC BY 4.0),Open Charge Map; Data Provider: Open Charge Map Contributors,unreviewed,inside,"No mapped Low, Medium or High classification matched.",0,"No mapped Low, Medium or High classification matched.",0,"No mapped Low, Medium or High classification matched.",0,0,"No mapped Low, Medium or High classification matched.",0,W01002019,Cathays 12,10.5,10.5,resolved,2026-07-20T21:45:15.935639+00:00,AIRIS_CARDIFF_VERIFIED_FRAW2026_WIMD2025_V1,,W06000015,Cardiff,Local Authorities - High Water mark,2026-07-20T17:47:54.131690+00:00,1.0.0,0,0,0,FRAW catalogue 2026-05-21 | river layer 2026-05-21 sha256:5E26DD370C446C48BC69F7CAC19FC71633F771E4C04B53A55AD8F2C48DF06CF2 | sea layer 2026-05-21 sha256:125999A7F1C4C46F281B03F2B2E98985BFBE88BA8F61424132FAA364F3E7DFFA | surface_water layer 2022-11-28 sha256:432444DC177277C9CEF467E24A798224C27E053904B5AA471B7604646204D22D,2026-07-20T19:20:50.001880+00:00,enriched,,0,1,W01002019,False,polygon covers point,Caerdydd 032H,WIMD 2025 income and employment indicators,WIMD 2025,2026-07-20T21:45:15.935639+00:00,,usable,
airis_3729d40d75c6d2eecb5d,132455,Severn Road Car Park,"Severn Road, Cardiff",CF11 9DX,51.48201,-3.19883,Evolt Network (Swarco E.Connect),operational,2.0,2.0,7.0,public,£0.31/kWh,Open Charge Map Contributors,https://openchargemap.org/site/poi/details/132455,2019-10-02T08:31:00Z,Licensed under Creative Commons Attribution 4.0 International (CC BY 4.0),Open Charge Map; Data Provider: Open Charge Map Contributors,unreviewed,inside,Low,35,Low,35,"No mapped Low, Medium or High classification matched.",0,35,river|sea,2,W01001860,Riverside 6,11.6,11.6,resolved,2026-07-20T21:45:15.935639+00:00,AIRIS_CARDIFF_VERIFIED_FRAW2026_WIMD2025_V1,,W06000015,Cardiff,Local Authorities - High Water mark,2026-07-20T17:47:54.131690+00:00,1.0.0,1,1,0,FRAW catalogue 2026-05-21 | river layer 2026-05-21 sha256:5E26DD370C446C48BC69F7CAC19FC71633F771E4C04B53A55AD8F2C48DF06CF2 | sea layer 2026-05-21 sha256:125999A7F1C4C46F281B03F2B2E98985BFBE88BA8F61424132FAA364F3E7DFFA | surface_water layer 2022-11-28 sha256:432444DC177277C9CEF467E24A798224C27E053904B5AA471B7604646204D22D,2026-07-20T19:20:50.001880+00:00,enriched,,2,1,W01001860,False,polygon covers point,Caerdydd 034C,WIMD 2025 income and employment indicators,WIMD 2025,2026-07-20T21:45:15.935639+00:00,,usable,
airis_3937d5c1246b2b3ccff2,252108,St Davids Shopping Centre Car Park,"St Davids Shopping Centre Car Park, Cardiff",CF10 2EQ,51.479366,-3.173753,BP Pulse (UK),,,,22.0,public,,UK National Charge Point Registry,https://openchargemap.org/site/poi/details/252108,2023-05-03T08:36:00Z,Contains public sector information licensed under the Open Government Licence v2.0.,Open Charge Map; Data Provider: UK National Charge Point Registry,unreviewed,inside,"No mapped Low, Medium or High classification matched.",0,"No mapped Low, Medium or High classification matched.",0,"No mapped Low, Medium or High classification matched.",0,0,"No mapped Low, Medium or High classification matched.",0,W01002019,Cathays 12,10.5,10.5,resolved,2026-07-20T21:45:15.935639+00:00,AIRIS_CARDIFF_VERIFIED_FRAW2026_WIMD2025_V1,,W06000015,Cardiff,Local Authorities - High Water mark,2026-07-20T17:47:54.131690+00:00,1.0.0,0,0,0,FRAW catalogue 2026-05-21 | river layer 2026-05-21 sha256:5E26DD370C446C48BC69F7CAC19FC71633F771E4C04B53A55AD8F2C48DF06CF2 | sea layer 2026-05-21 sha256:125999A7F1C4C46F281B03F2B2E98985BFBE88BA8F61424132FAA364F3E7DFFA | surface_water layer 2022-11-28 sha256:432444DC177277C9CEF467E24A798224C27E053904B5AA471B7604646204D22D,2026-07-20T19:20:50.001880+00:00,enriched,,0,1,W01002019,False,polygon covers point,Caerdydd 032H,WIMD 2025 income and employment indicators,WIMD 2025,2026-07-20T21:45:15.935639+00:00,,usable,
airis_39b94fd4816ab150bff0,115033,MFG Texaco Ninian,"Sloper Road, Cardiff",CF11 8BN,51.469647,-3.195624,The GeniePoint Network ( EQUANS EV Solutions ),operational,1.0,3.0,50.0,public,£1.00 + £0.30/kWh,Open Charge Map Contributors,https://openchargemap.org/site/poi/details/115033,2019-01-23T17:43:00Z,Licensed under Creative Commons Attribution 4.0 International (CC BY 4.0),Open Charge Map; Data Provider: Open Charge Map Contributors,unreviewed,inside,Low,35,Low,35,"No mapped Low, Medium or High classification matched.",0,35,river|sea,2,W01001759,Grangetown 1,30.5,30.5,resolved,2026-07-20T21:45:15.935639+00:00,AIRIS_CARDIFF_VERIFIED_FRAW2026_WIMD2025_V1,,W06000015,Cardiff,Local Authorities - High Water mark,2026-07-20T17:47:54.131690+00:00,1.0.0,1,1,0,FRAW catalogue 2026-05-21 | river layer 2026-05-21 sha256:5E26DD370C446C48BC69F7CAC19FC71633F771E4C04B53A55AD8F2C48DF06CF2 | sea layer 2026-05-21 sha256:125999A7F1C4C46F281B03F2B2E98985BFBE88BA8F61424132FAA364F3E7DFFA | surface_water layer 2022-11-28 sha256:432444DC177277C9CEF467E24A798224C27E053904B5AA471B7604646204D22D,2026-07-20T19:20:50.001880+00:00,enriched,,2,1,W01001759,False,polygon covers point,Caerdydd 046A,WIMD 2025 income and employment indicators,WIMD 2025,2026-07-20T21:45:15.935639+00:00,,usable,
airis_3a9e8f8f09cb7adc2b8d,252105,St Davids Shopping Centre Car Park,"St Davids Shopping Centre Car Park, Cardiff",CF10 2EQ,51.47934,-3.173709,BP Pulse (UK),,,,22.0,public,,UK National Charge Point Registry,https://openchargemap.org/site/poi/details/252105,2023-05-03T08:36:00Z,Contains public sector information licensed under the Open Government Licence v2.0.,Open Charge Map; Data Provider: UK National Charge Point Registry,unreviewed,inside,"No mapped Low, Medium or High classification matched.",0,"No mapped Low, Medium or High classification matched.",0,"No mapped Low, Medium or High classification matched.",0,0,"No mapped Low, Medium or High classification matched.",0,W01002019,Cathays 12,10.5,10.5,resolved,2026-07-20T21:45:15.935639+00:00,AIRIS_CARDIFF_VERIFIED_FRAW2026_WIMD2025_V1,,W06000015,Cardiff,Local Authorities - High Water mark,2026-07-20T17:47:54.131690+00:00,1.0.0,0,0,0,FRAW catalogue 2026-05-21 | river layer 2026-05-21 sha256:5E26DD370C446C48BC69F7CAC19FC71633F771E4C04B53A55AD8F2C48DF06CF2 | sea layer 2026-05-21 sha256:125999A7F1C4C46F281B03F2B2E98985BFBE88BA8F61424132FAA364F3E7DFFA | surface_water layer 2022-11-28 sha256:432444DC177277C9CEF467E24A798224C27E053904B5AA471B7604646204D22D,2026-07-20T19:20:50.001880+00:00,enriched,,0,1,W01002019,False,polygon covers point,Caerdydd 032H,WIMD 2025 income and employment indicators,WIMD 2025,2026-07-20T21:45:15.935639+00:00,,usable,
airis_3aae53b1edc64850567b,214123,DRAX00165,"Schooner Way, Cardiff",CF10 4RT,51.47301,-3.16607,Drax Energy Solutions Limited,,,,22.0,public,,UK National Charge Point Registry,https://openchargemap.org/site/poi/details/214123,2023-05-04T08:42:00Z,Contains public sector information licensed under the Open Government Licence v2.0.,Open Charge Map; Data Provider: UK National Charge Point Registry,unreviewed,inside,"No mapped Low, Medium or High classification matched.",0,"No mapped Low, Medium or High classification matched.",0,"No mapped Low, Medium or High classification matched.",0,0,"No mapped Low, Medium or High classification matched.",0,W01001951,Butetown 7,13.8,13.8,resolved,2026-07-20T21:45:15.935639+00:00,AIRIS_CARDIFF_VERIFIED_FRAW2026_WIMD2025_V1,,W06000015,Cardiff,Local Authorities - High Water mark,2026-07-20T17:47:54.131690+00:00,1.0.0,0,0,0,FRAW catalogue 2026-05-21 | river layer 2026-05-21 sha256:5E26DD370C446C48BC69F7CAC19FC71633F771E4C04B53A55AD8F2C48DF06CF2 | sea layer 2026-05-21 sha256:125999A7F1C4C46F281B03F2B2E98985BFBE88BA8F61424132FAA364F3E7DFFA | surface_water layer 2022-11-28 sha256:432444DC177277C9CEF467E24A798224C27E053904B5AA471B7604646204D22D,2026-07-20T19:20:50.001880+00:00,enriched,,0,1,W01001951,False,polygon covers point,Caerdydd 049E,WIMD 2025 income and employment indicators,WIMD 2025,2026-07-20T21:45:15.935639+00:00,,usable,
airis_3c050a8dc19efac7c748,286092,Tesco Superstore - St Mellons,"Crickhowell Road, Cardiff",CF3 0EF,51.524775,-3.103756,POD Point (UK),unknown,,,7.0,public,,Open Charge Map Contributors,https://openchargemap.org/site/poi/details/286092,2025-03-10T06:23:00Z,Licensed under Creative Commons Attribution 4.0 International (CC BY 4.0),Open Charge Map; Data Provider: Open Charge Map Contributors,unreviewed,inside,"No mapped Low, Medium or High classification matched.",0,"No mapped Low, Medium or High classification matched.",0,High,90,90,surface_water,1,W01001878,Trowbridge 2,24.0,24.0,resolved,2026-07-20T21:45:15.935639+00:00,AIRIS_CARDIFF_VERIFIED_FRAW2026_WIMD2025_V1,,W06000015,Cardiff,Local Authorities - High Water mark,2026-07-20T17:47:54.131690+00:00,1.0.0,0,0,1,FRAW catalogue 2026-05-21 | river layer 2026-05-21 sha256:5E26DD370C446C48BC69F7CAC19FC71633F771E4C04B53A55AD8F2C48DF06CF2 | sea layer 2026-05-21 sha256:125999A7F1C4C46F281B03F2B2E98985BFBE88BA8F61424132FAA364F3E7DFFA | surface_water layer 2022-11-28 sha256:432444DC177277C9CEF467E24A798224C27E053904B5AA471B7604646204D22D,2026-07-20T19:20:50.001880+00:00,enriched,,1,1,W01001878,False,polygon covers point,Caerdydd 011B,WIMD 2025 income and employment indicators,WIMD 2025,2026-07-20T21:45:15.935639+00:00,,usable,
airis_4d49c406033a4ff3973f,285780,Star Hub,"Star Hub Car Park, Cardiff",CF24 2SJ,51.484894,-3.143337,Connected Kerb,unknown,,,22.0,public,,UK National Charge Point Registry,https://openchargemap.org/site/poi/details/285780,2023-12-07T08:10:00Z,Contains public sector information licensed under the Open Government Licence v2.0.,Open Charge Map; Data Provider: UK National Charge Point Registry,unreviewed,inside,"No mapped Low, Medium or High classification matched.",0,"No mapped Low, Medium or High classification matched.",0,"No mapped Low, Medium or High classification matched.",0,0,"No mapped Low, Medium or High classification matched.",0,W01001870,Splott 2,28.0,28.0,resolved,2026-07-20T21:45:15.935639+00:00,AIRIS_CARDIFF_VERIFIED_FRAW2026_WIMD2025_V1,,W06000015,Cardiff,Local Authorities - High Water mark,2026-07-20T17:47:54.131690+00:00,1.0.0,0,0,0,FRAW catalogue 2026-05-21 | river layer 2026-05-21 sha256:5E26DD370C446C48BC69F7CAC19FC71633F771E4C04B53A55AD8F2C48DF06CF2 | sea layer 2026-05-21 sha256:125999A7F1C4C46F281B03F2B2E98985BFBE88BA8F61424132FAA364F3E7DFFA | surface_water layer 2022-11-28 sha256:432444DC177277C9CEF467E24A798224C27E053904B5AA471B7604646204D22D,2026-07-20T19:20:50.001880+00:00,enriched,,0,1,W01001870,False,polygon covers point,Caerdydd 037A,WIMD 2025 income and employment indicators,WIMD 2025,2026-07-20T21:45:15.935639+00:00,,usable,
airis_5bce80e842998aee7c52,285770,Harvey Street,"Harvey Street Car Park, Cardiff",CF5 1QW,51.48224,-3.205278,Connected Kerb,unknown,,,22.0,public,,UK National Charge Point Registry,https://openchargemap.org/site/poi/details/285770,2023-12-07T08:10:00Z,Contains public sector information licensed under the Open Government Licence v2.0.,Open Charge Map; Data Provider: UK National Charge Point Registry,unreviewed,inside,"No mapped Low, Medium or High classification matched.",0,"No mapped Low, Medium or High classification matched.",0,"No mapped Low, Medium or High classification matched.",0,0,"No mapped Low, Medium or High classification matched.",0,W01001712,Canton 4,13.8,13.8,resolved,2026-07-20T21:45:15.935639+00:00,AIRIS_CARDIFF_VERIFIED_FRAW2026_WIMD2025_V1,,W06000015,Cardiff,Local Authorities - High Water mark,2026-07-20T17:47:54.131690+00:00,1.0.0,0,0,0,FRAW catalogue 2026-05-21 | river layer 2026-05-21 sha256:5E26DD370C446C48BC69F7CAC19FC71633F771E4C04B53A55AD8F2C48DF06CF2 | sea layer 2026-05-21 sha256:125999A7F1C4C46F281B03F2B2E98985BFBE88BA8F61424132FAA364F3E7DFFA | surface_water layer 2022-11-28 sha256:432444DC177277C9CEF467E24A798224C27E053904B5AA471B7604646204D22D,2026-07-20T19:20:50.001880+00:00,enriched,,0,1,W01001712,False,polygon covers point,Caerdydd 040D,WIMD 2025 income and employment indicators,WIMD 2025,2026-07-20T21:45:15.935639+00:00,,usable,
airis_5ea17c642133289def43,132457,Victoria Park Road - Cardiff,"Victoria Park Road, Cardiff",CF5 1EZ,51.48322,-3.21936,Evolt Network (Swarco E.Connect),operational,2.0,2.0,7.0,public,£0.31/kWh,Open Charge Map Contributors,https://openchargemap.org/site/poi/details/132457,2019-10-02T08:35:00Z,Licensed under Creative Commons Attribution 4.0 International (CC BY 4.0),Open Charge Map; Data Provider: Open Charge Map Contributors,unreviewed,inside,Medium,65,Low,35,"No mapped Low, Medium or High classification matched.",0,65,river,2,W01001714,Canton 6,6.5,6.5,resolved,2026-07-20T21:45:15.935639+00:00,AIRIS_CARDIFF_VERIFIED_FRAW2026_WIMD2025_V1,,W06000015,Cardiff,Local Authorities - High Water mark,2026-07-20T17:47:54.131690+00:00,1.0.0,1,1,0,FRAW catalogue 2026-05-21 | river layer 2026-05-21 sha256:5E26DD370C446C48BC69F7CAC19FC71633F771E4C04B53A55AD8F2C48DF06CF2 | sea layer 2026-05-21 sha256:125999A7F1C4C46F281B03F2B2E98985BFBE88BA8F61424132FAA364F3E7DFFA | surface_water layer 2022-11-28 sha256:432444DC177277C9CEF467E24A798224C27E053904B5AA471B7604646204D22D,2026-07-20T19:20:50.001880+00:00,enriched,,2,1,W01001714,False,polygon covers point,Caerdydd 035A,WIMD 2025 income and employment indicators,WIMD 2025,2026-07-20T21:45:15.935639+00:00,,usable,
airis_63004a6b9ce8784bad0f,132458,Butleigh Avenue - Cardiff,"Butleigh Avenue, Cardiff",CF5 1AP,51.48595,-3.22232,Evolt Network (Swarco E.Connect),operational,2.0,2.0,7.0,public,£0.31/kWh,Open Charge Map Contributors,https://openchargemap.org/site/poi/details/132458,2019-10-02T08:37:00Z,Licensed under Creative Commons Attribution 4.0 International (CC BY 4.0),Open Charge Map; Data Provider: Open Charge Map Contributors,unreviewed,inside,Low,35,"No mapped Low, Medium or High classification matched.",0,Low,35,35,river|surface_water,2,W01001714,Canton 6,6.5,6.5,resolved,2026-07-20T21:45:15.935639+00:00,AIRIS_CARDIFF_VERIFIED_FRAW2026_WIMD2025_V1,,W06000015,Cardiff,Local Authorities - High Water mark,2026-07-20T17:47:54.131690+00:00,1.0.0,1,0,1,FRAW catalogue 2026-05-21 | river layer 2026-05-21 sha256:5E26DD370C446C48BC69F7CAC19FC71633F771E4C04B53A55AD8F2C48DF06CF2 | sea layer 2026-05-21 sha256:125999A7F1C4C46F281B03F2B2E98985BFBE88BA8F61424132FAA364F3E7DFFA | surface_water layer 2022-11-28 sha256:432444DC177277C9CEF467E24A798224C27E053904B5AA471B7604646204D22D,2026-07-20T19:20:50.001880+00:00,enriched,,2,1,W01001714,False,polygon covers point,Caerdydd 035A,WIMD 2025 income and employment indicators,WIMD 2025,2026-07-20T21:45:15.935639+00:00,,usable,
airis_67b9d9f5c7480b12a7ed,200352,Mardy Street,"Mardy Street, Cardiff",CF11 6RD,51.474088,-3.185956,Evolt Network (Swarco E.Connect),,,,7.0,public,,UK National Charge Point Registry,https://openchargemap.org/site/poi/details/200352,2023-12-07T08:10:00Z,Contains public sector information licensed under the Open Government Licence v2.0.,Open Charge Map; Data Provider: UK National Charge Point Registry,unreviewed,inside,Low,35,Low,35,"No mapped Low, Medium or High classification matched.",0,35,river|sea,2,W01001764,Grangetown 5,34.2,34.2,resolved,2026-07-20T21:45:15.935639+00:00,AIRIS_CARDIFF_VERIFIED_FRAW2026_WIMD2025_V1,,W06000015,Cardiff,Local Authorities - High Water mark,2026-07-20T17:47:54.131690+00:00,1.0.0,1,1,0,FRAW catalogue 2026-05-21 | river layer 2026-05-21 sha256:5E26DD370C446C48BC69F7CAC19FC71633F771E4C04B53A55AD8F2C48DF06CF2 | sea layer 2026-05-21 sha256:125999A7F1C4C46F281B03F2B2E98985BFBE88BA8F61424132FAA364F3E7DFFA | surface_water layer 2022-11-28 sha256:432444DC177277C9CEF467E24A798224C27E053904B5AA471B7604646204D22D,2026-07-20T19:20:50.001880+00:00,enriched,,2,1,W01001764,False,polygon covers point,Caerdydd 044A,WIMD 2025 income and employment indicators,WIMD 2025,2026-07-20T21:45:15.935639+00:00,,usable,
airis_6f88afdff062e0a132fc,157868,NCP Dumfries Place,"NCP Dumfries Place, Cardiff",CF10 3FN,51.484554,-3.172682,BP Pulse (UK),,,,22.0,public,,UK National Charge Point Registry,https://openchargemap.org/site/poi/details/157868,2023-05-03T08:36:00Z,Contains public sector information licensed under the Open Government Licence v2.0.,Open Charge Map; Data Provider: UK National Charge Point Registry,unreviewed,inside,"No mapped Low, Medium or High classification matched.",0,"No mapped Low, Medium or High classification matched.",0,"No mapped Low, Medium or High classification matched.",0,0,"No mapped Low, Medium or High classification matched.",0,W01002019,Cathays 12,10.5,10.5,resolved,2026-07-20T21:45:15.935639+00:00,AIRIS_CARDIFF_VERIFIED_FRAW2026_WIMD2025_V1,,W06000015,Cardiff,Local Authorities - High Water mark,2026-07-20T17:47:54.131690+00:00,1.0.0,0,0,0,FRAW catalogue 2026-05-21 | river layer 2026-05-21 sha256:5E26DD370C446C48BC69F7CAC19FC71633F771E4C04B53A55AD8F2C48DF06CF2 | sea layer 2026-05-21 sha256:125999A7F1C4C46F281B03F2B2E98985BFBE88BA8F61424132FAA364F3E7DFFA | surface_water layer 2022-11-28 sha256:432444DC177277C9CEF467E24A798224C27E053904B5AA471B7604646204D22D,2026-07-20T19:20:50.001880+00:00,enriched,,0,1,W01002019,False,polygon covers point,Caerdydd 032H,WIMD 2025 income and employment indicators,WIMD 2025,2026-07-20T21:45:15.935639+00:00,,usable,
airis_70f3cdfed60f400050fd,132461,Waterloo Road - Cardiff,"Waterloo Road, Cardiff",CF23 5DX,51.49655,-3.15663,Evolt Network (Swarco E.Connect),operational,2.0,2.0,7.0,public,£0.31/kWh,Open Charge Map Contributors,https://openchargemap.org/site/poi/details/132461,2019-10-02T08:54:00Z,Licensed under Creative Commons Attribution 4.0 International (CC BY 4.0),Open Charge Map; Data Provider: Open Charge Map Contributors,unreviewed,inside,"No mapped Low, Medium or High classification matched.",0,"No mapped Low, Medium or High classification matched.",0,"No mapped Low, Medium or High classification matched.",0,0,"No mapped Low, Medium or High classification matched.",0,W01001823,Penylan 3,8.1,8.1,resolved,2026-07-20T21:45:15.935639+00:00,AIRIS_CARDIFF_VERIFIED_FRAW2026_WIMD2025_V1,,W06000015,Cardiff,Local Authorities - High Water mark,2026-07-20T17:47:54.131690+00:00,1.0.0,0,0,0,FRAW catalogue 2026-05-21 | river layer 2026-05-21 sha256:5E26DD370C446C48BC69F7CAC19FC71633F771E4C04B53A55AD8F2C48DF06CF2 | sea layer 2026-05-21 sha256:125999A7F1C4C46F281B03F2B2E98985BFBE88BA8F61424132FAA364F3E7DFFA | surface_water layer 2022-11-28 sha256:432444DC177277C9CEF467E24A798224C27E053904B5AA471B7604646204D22D,2026-07-20T19:20:50.001880+00:00,enriched,,0,1,W01001823,False,polygon covers point,Caerdydd 029B,WIMD 2025 income and employment indicators,WIMD 2025,2026-07-20T21:45:15.935639+00:00,,usable,
airis_741d2cdef1b829a900ac,256844,Spire Cardiff Hospital,"Croescadarn Road, Pontprennau, Cardiff, Cymru / Wales",CF23 8XL,51.53077459231975,-3.1412470889080675,Vend Electric,operational,4.0,4.0,11.0,public,£0.20/kWh,Open Charge Map Contributors,https://openchargemap.org/site/poi/details/256844,2023-03-13T17:27:00Z,Licensed under Creative Commons Attribution 4.0 International (CC BY 4.0),Open Charge Map; Data Provider: Open Charge Map Contributors,unreviewed,inside,"No mapped Low, Medium or High classification matched.",0,"No mapped Low, Medium or High classification matched.",0,"No mapped Low, Medium or High classification matched.",0,0,"No mapped Low, Medium or High classification matched.",0,W01001844,Pontprennau and Old St Mellons 5,20.3,20.3,resolved,2026-07-20T21:45:15.935639+00:00,AIRIS_CARDIFF_VERIFIED_FRAW2026_WIMD2025_V1,,W06000015,Cardiff,Local Authorities - High Water mark,2026-07-20T17:47:54.131690+00:00,1.0.0,0,0,0,FRAW catalogue 2026-05-21 | river layer 2026-05-21 sha256:5E26DD370C446C48BC69F7CAC19FC71633F771E4C04B53A55AD8F2C48DF06CF2 | sea layer 2026-05-21 sha256:125999A7F1C4C46F281B03F2B2E98985BFBE88BA8F61424132FAA364F3E7DFFA | surface_water layer 2022-11-28 sha256:432444DC177277C9CEF467E24A798224C27E053904B5AA471B7604646204D22D,2026-07-20T19:20:50.001880+00:00,enriched,,0,1,W01001844,False,polygon covers point,Caerdydd 003D,WIMD 2025 income and employment indicators,WIMD 2025,2026-07-20T21:45:15.935639+00:00,,usable,
airis_775500559e0cad784837,9814,Wessex Garages Cardiff,"Hadfield Road, Cardiff, Wales",CF11 8AQ,51.4665486,-3.20170359999997,(Business Owner at Location),unknown,3.0,4.0,50.0,private,Free,Open Charge Map Contributors,https://openchargemap.org/site/poi/details/9814,2018-06-14T21:28:00Z,Licensed under Creative Commons Attribution 4.0 International (CC BY 4.0),Open Charge Map; Data Provider: Open Charge Map Contributors,unreviewed,inside,"No mapped Low, Medium or High classification matched.",0,"No mapped Low, Medium or High classification matched.",0,"No mapped Low, Medium or High classification matched.",0,0,"No mapped Low, Medium or High classification matched.",0,W01001759,Grangetown 1,30.5,30.5,resolved,2026-07-20T21:45:15.935639+00:00,AIRIS_CARDIFF_VERIFIED_FRAW2026_WIMD2025_V1,,W06000015,Cardiff,Local Authorities - High Water mark,2026-07-20T17:47:54.131690+00:00,1.0.0,0,0,0,FRAW catalogue 2026-05-21 | river layer 2026-05-21 sha256:5E26DD370C446C48BC69F7CAC19FC71633F771E4C04B53A55AD8F2C48DF06CF2 | sea layer 2026-05-21 sha256:125999A7F1C4C46F281B03F2B2E98985BFBE88BA8F61424132FAA364F3E7DFFA | surface_water layer 2022-11-28 sha256:432444DC177277C9CEF467E24A798224C27E053904B5AA471B7604646204D22D,2026-07-20T19:20:50.001880+00:00,enriched,,0,1,W01001759,False,polygon covers point,Caerdydd 046A,WIMD 2025 income and employment indicators,WIMD 2025,2026-07-20T21:45:15.935639+00:00,,usable,
airis_80b9188bc22f7f019c5e,101686,Q-Park Cardiff Bay,"Q-Park Cardiff Bay, Pierhead Street, Cardiff",CF10 4PH,51.465801,-3.1625,BP Pulse (UK),operational,1.0,3.0,50.0,public,£0.79/kWh; other tariffs available,Open Charge Map Contributors,https://openchargemap.org/site/poi/details/101686,2023-08-23T10:22:00Z,Licensed under Creative Commons Attribution 4.0 International (CC BY 4.0),Open Charge Map; Data Provider: Open Charge Map Contributors,unreviewed,inside,"No mapped Low, Medium or High classification matched.",0,"No mapped Low, Medium or High classification matched.",0,"No mapped Low, Medium or High classification matched.",0,0,"No mapped Low, Medium or High classification matched.",0,W01001943,Butetown 4,19.6,19.6,resolved,2026-07-20T21:45:15.935639+00:00,AIRIS_CARDIFF_VERIFIED_FRAW2026_WIMD2025_V1,,W06000015,Cardiff,Local Authorities - High Water mark,2026-07-20T17:47:54.131690+00:00,1.0.0,0,0,0,FRAW catalogue 2026-05-21 | river layer 2026-05-21 sha256:5E26DD370C446C48BC69F7CAC19FC71633F771E4C04B53A55AD8F2C48DF06CF2 | sea layer 2026-05-21 sha256:125999A7F1C4C46F281B03F2B2E98985BFBE88BA8F61424132FAA364F3E7DFFA | surface_water layer 2022-11-28 sha256:432444DC177277C9CEF467E24A798224C27E053904B5AA471B7604646204D22D,2026-07-20T19:20:50.001880+00:00,enriched,,0,1,W01001943,False,polygon covers point,Caerdydd 048B,WIMD 2025 income and employment indicators,WIMD 2025,2026-07-20T21:45:15.935639+00:00,,usable,
airis_84a7701983c186cbe3af,210279,Tesco Extra-Cardiff,"Excelsior Estate, Excelsior Road, Cardiff",CF14 3AT,51.49791839,-3.2071764,POD Point (UK),operational,4.0,6.0,50.0,public,£0.44/kWh,Open Charge Map Contributors,https://openchargemap.org/site/poi/details/210279,2023-10-09T17:01:00Z,Licensed under Creative Commons Attribution 4.0 International (CC BY 4.0),Open Charge Map; Data Provider: Open Charge Map Contributors,unreviewed,inside,Low,35,"No mapped Low, Medium or High classification matched.",0,"No mapped Low, Medium or High classification matched.",0,35,river,1,W01001756,Gabalfa 2,23.1,23.1,resolved,2026-07-20T21:45:15.935639+00:00,AIRIS_CARDIFF_VERIFIED_FRAW2026_WIMD2025_V1,,W06000015,Cardiff,Local Authorities - High Water mark,2026-07-20T17:47:54.131690+00:00,1.0.0,1,0,0,FRAW catalogue 2026-05-21 | river layer 2026-05-21 sha256:5E26DD370C446C48BC69F7CAC19FC71633F771E4C04B53A55AD8F2C48DF06CF2 | sea layer 2026-05-21 sha256:125999A7F1C4C46F281B03F2B2E98985BFBE88BA8F61424132FAA364F3E7DFFA | surface_water layer 2022-11-28 sha256:432444DC177277C9CEF467E24A798224C27E053904B5AA471B7604646204D22D,2026-07-20T19:20:50.001880+00:00,enriched,,1,1,W01001756,False,polygon covers point,Caerdydd 025B,WIMD 2025 income and employment indicators,WIMD 2025,2026-07-20T21:45:15.935639+00:00,,usable,
airis_86396a3ef80877186baa,285931,Tewkesbury Place,"Tewkesbury Place, Cardiff",CF24 4QF,51.50026,-3.178055,Connected Kerb,unknown,,,7.0,public,,UK National Charge Point Registry,https://openchargemap.org/site/poi/details/285931,2023-12-07T08:10:00Z,Contains public sector information licensed under the Open Government Licence v2.0.,Open Charge Map; Data Provider: UK National Charge Point Registry,unreviewed,inside,"No mapped Low, Medium or High classification matched.",0,"No mapped Low, Medium or High classification matched.",0,"No mapped Low, Medium or High classification matched.",0,0,"No mapped Low, Medium or High classification matched.",0,W01001726,Cathays 8,16.6,16.6,resolved,2026-07-20T21:45:15.935639+00:00,AIRIS_CARDIFF_VERIFIED_FRAW2026_WIMD2025_V1,,W06000015,Cardiff,Local Authorities - High Water mark,2026-07-20T17:47:54.131690+00:00,1.0.0,0,0,0,FRAW catalogue 2026-05-21 | river layer 2026-05-21 sha256:5E26DD370C446C48BC69F7CAC19FC71633F771E4C04B53A55AD8F2C48DF06CF2 | sea layer 2026-05-21 sha256:125999A7F1C4C46F281B03F2B2E98985BFBE88BA8F61424132FAA364F3E7DFFA | surface_water layer 2022-11-28 sha256:432444DC177277C9CEF467E24A798224C27E053904B5AA471B7604646204D22D,2026-07-20T19:20:50.001880+00:00,enriched,,0,1,W01001726,False,polygon covers point,Caerdydd 028E,WIMD 2025 income and employment indicators,WIMD 2025,2026-07-20T21:45:15.935639+00:00,,usable,
airis_88cdc81bc33622080fcd,259010,Moto Cardiff West Services,Moto Cardiff West Services,CF72 8SA,51.508914,-3.306853,Electric Highway (UK),operational,15.0,19.0,350.0,public,"DC: £0.79/kWh,AC: £0.49/kWh",Open Charge Map Contributors,https://openchargemap.org/site/poi/details/259010,2025-03-10T06:21:00Z,Licensed under Creative Commons Attribution 4.0 International (CC BY 4.0),Open Charge Map; Data Provider: Open Charge Map Contributors,unreviewed,inside,"No mapped Low, Medium or High classification matched.",0,"No mapped Low, Medium or High classification matched.",0,"No mapped Low, Medium or High classification matched.",0,0,"No mapped Low, Medium or High classification matched.",0,W01001727,Pentyrch and St Fagans 1,19.2,19.2,resolved,2026-07-20T21:45:15.935639+00:00,AIRIS_CARDIFF_VERIFIED_FRAW2026_WIMD2025_V1,,W06000015,Cardiff,Local Authorities - High Water mark,2026-07-20T17:47:54.131690+00:00,1.0.0,0,0,0,FRAW catalogue 2026-05-21 | river layer 2026-05-21 sha256:5E26DD370C446C48BC69F7CAC19FC71633F771E4C04B53A55AD8F2C48DF06CF2 | sea layer 2026-05-21 sha256:125999A7F1C4C46F281B03F2B2E98985BFBE88BA8F61424132FAA364F3E7DFFA | surface_water layer 2022-11-28 sha256:432444DC177277C9CEF467E24A798224C27E053904B5AA471B7604646204D22D,2026-07-20T19:20:50.001880+00:00,enriched,,0,1,W01001727,False,polygon covers point,Caerdydd 014A,WIMD 2025 income and employment indicators,WIMD 2025,2026-07-20T21:45:15.935639+00:00,,usable,
airis_8de65bb0720d6c78e1fb,187690,Kyveilog Street,"Kyveilog Street, Cardiff",CF11 9JA,51.487668,-3.197033,Evolt Network (Swarco E.Connect),,,,7.0,public,,UK National Charge Point Registry,https://openchargemap.org/site/poi/details/187690,2023-12-07T08:10:00Z,Contains public sector information licensed under the Open Government Licence v2.0.,Open Charge Map; Data Provider: UK National Charge Point Registry,unreviewed,inside,Low,35,"No mapped Low, Medium or High classification matched.",0,"No mapped Low, Medium or High classification matched.",0,35,river,1,W01001858,Riverside 4,13.7,13.7,resolved,2026-07-20T21:45:15.935639+00:00,AIRIS_CARDIFF_VERIFIED_FRAW2026_WIMD2025_V1,,W06000015,Cardiff,Local Authorities - High Water mark,2026-07-20T17:47:54.131690+00:00,1.0.0,1,0,0,FRAW catalogue 2026-05-21 | river layer 2026-05-21 sha256:5E26DD370C446C48BC69F7CAC19FC71633F771E4C04B53A55AD8F2C48DF06CF2 | sea layer 2026-05-21 sha256:125999A7F1C4C46F281B03F2B2E98985BFBE88BA8F61424132FAA364F3E7DFFA | surface_water layer 2022-11-28 sha256:432444DC177277C9CEF467E24A798224C27E053904B5AA471B7604646204D22D,2026-07-20T19:20:50.001880+00:00,enriched,,1,1,W01001858,False,polygon covers point,Caerdydd 034A,WIMD 2025 income and employment indicators,WIMD 2025,2026-07-20T21:45:15.935639+00:00,,usable,
airis_92d27599db462d7026d2,136139,Maindy Road,"Maindy Road, Cardiff",CF24 4HQ,51.49265,-3.18381,Evolt Network (Swarco E.Connect),,,,7.0,public,,UK National Charge Point Registry,https://openchargemap.org/site/poi/details/136139,2023-12-07T08:10:00Z,Contains public sector information licensed under the Open Government Licence v2.0.,Open Charge Map; Data Provider: UK National Charge Point Registry,unreviewed,inside,"No mapped Low, Medium or High classification matched.",0,"No mapped Low, Medium or High classification matched.",0,"No mapped Low, Medium or High classification matched.",0,0,"No mapped Low, Medium or High classification matched.",0,W01001721,Cathays 4,8.6,8.6,resolved,2026-07-20T21:45:15.935639+00:00,AIRIS_CARDIFF_VERIFIED_FRAW2026_WIMD2025_V1,,W06000015,Cardiff,Local Authorities - High Water mark,2026-07-20T17:47:54.131690+00:00,1.0.0,0,0,0,FRAW catalogue 2026-05-21 | river layer 2026-05-21 sha256:5E26DD370C446C48BC69F7CAC19FC71633F771E4C04B53A55AD8F2C48DF06CF2 | sea layer 2026-05-21 sha256:125999A7F1C4C46F281B03F2B2E98985BFBE88BA8F61424132FAA364F3E7DFFA | surface_water layer 2022-11-28 sha256:432444DC177277C9CEF467E24A798224C27E053904B5AA471B7604646204D22D,2026-07-20T19:20:50.001880+00:00,enriched,,0,1,W01001721,False,polygon covers point,Caerdydd 032A,WIMD 2025 income and employment indicators,WIMD 2025,2026-07-20T21:45:15.935639+00:00,,usable,
airis_95801a2e85a43c20b2c7,200334,Redlaver Street,"redlaver Street, Cardiff",CF117YL,51.469115,-3.184647,Evolt Network (Swarco E.Connect),,,,7.0,public,,UK National Charge Point Registry,https://openchargemap.org/site/poi/details/200334,2023-12-07T08:10:00Z,Contains public sector information licensed under the Open Government Licence v2.0.,Open Charge Map; Data Provider: UK National Charge Point Registry,unreviewed,inside,Low,35,Low,35,"No mapped Low, Medium or High classification matched.",0,35,river|sea,2,W01001768,Grangetown 9,48.0,48.0,resolved,2026-07-20T21:45:15.935639+00:00,AIRIS_CARDIFF_VERIFIED_FRAW2026_WIMD2025_V1,,W06000015,Cardiff,Local Authorities - High Water mark,2026-07-20T17:47:54.131690+00:00,1.0.0,1,1,0,FRAW catalogue 2026-05-21 | river layer 2026-05-21 sha256:5E26DD370C446C48BC69F7CAC19FC71633F771E4C04B53A55AD8F2C48DF06CF2 | sea layer 2026-05-21 sha256:125999A7F1C4C46F281B03F2B2E98985BFBE88BA8F61424132FAA364F3E7DFFA | surface_water layer 2022-11-28 sha256:432444DC177277C9CEF467E24A798224C27E053904B5AA471B7604646204D22D,2026-07-20T19:20:50.001880+00:00,enriched,,2,1,W01001768,False,polygon covers point,Caerdydd 044E,WIMD 2025 income and employment indicators,WIMD 2025,2026-07-20T21:45:15.935639+00:00,,usable,
airis_9965ba6bb8a4717a281d,157867,NCP Dumfries Place,"NCP Dumfries Place, Cardiff",CF10 3FN,51.484352,-3.172482,BP Pulse (UK),,,,22.0,public,,UK National Charge Point Registry,https://openchargemap.org/site/poi/details/157867,2023-05-03T08:36:00Z,Contains public sector information licensed under the Open Government Licence v2.0.,Open Charge Map; Data Provider: UK National Charge Point Registry,unreviewed,inside,"No mapped Low, Medium or High classification matched.",0,"No mapped Low, Medium or High classification matched.",0,"No mapped Low, Medium or High classification matched.",0,0,"No mapped Low, Medium or High classification matched.",0,W01002019,Cathays 12,10.5,10.5,resolved,2026-07-20T21:45:15.935639+00:00,AIRIS_CARDIFF_VERIFIED_FRAW2026_WIMD2025_V1,,W06000015,Cardiff,Local Authorities - High Water mark,2026-07-20T17:47:54.131690+00:00,1.0.0,0,0,0,FRAW catalogue 2026-05-21 | river layer 2026-05-21 sha256:5E26DD370C446C48BC69F7CAC19FC71633F771E4C04B53A55AD8F2C48DF06CF2 | sea layer 2026-05-21 sha256:125999A7F1C4C46F281B03F2B2E98985BFBE88BA8F61424132FAA364F3E7DFFA | surface_water layer 2022-11-28 sha256:432444DC177277C9CEF467E24A798224C27E053904B5AA471B7604646204D22D,2026-07-20T19:20:50.001880+00:00,enriched,,0,1,W01002019,False,polygon covers point,Caerdydd 032H,WIMD 2025 income and employment indicators,WIMD 2025,2026-07-20T21:45:15.935639+00:00,,usable,
airis_9b167f8cea08206be6ba,286066,"Penlline Road, Cardiff","Penlline Road Car Park, Cardiff",CF14 2AA,51.51442909600459,-3.2206491864869804,Connected Kerb,unknown,2.0,3.0,50.0,public,,Open Charge Map Contributors,https://openchargemap.org/site/poi/details/286066,2025-10-14T08:54:00Z,Licensed under Creative Commons Attribution 4.0 International (CC BY 4.0),Open Charge Map; Data Provider: Open Charge Map Contributors,unreviewed,inside,"No mapped Low, Medium or High classification matched.",0,"No mapped Low, Medium or High classification matched.",0,"No mapped Low, Medium or High classification matched.",0,0,"No mapped Low, Medium or High classification matched.",0,W01001896,Whitchurch and Tongwynlais 10,4.5,4.5,resolved,2026-07-20T21:45:15.935639+00:00,AIRIS_CARDIFF_VERIFIED_FRAW2026_WIMD2025_V1,,W06000015,Cardiff,Local Authorities - High Water mark,2026-07-20T17:47:54.131690+00:00,1.0.0,0,0,0,FRAW catalogue 2026-05-21 | river layer 2026-05-21 sha256:5E26DD370C446C48BC69F7CAC19FC71633F771E4C04B53A55AD8F2C48DF06CF2 | sea layer 2026-05-21 sha256:125999A7F1C4C46F281B03F2B2E98985BFBE88BA8F61424132FAA364F3E7DFFA | surface_water layer 2022-11-28 sha256:432444DC177277C9CEF467E24A798224C27E053904B5AA471B7604646204D22D,2026-07-20T19:20:50.001880+00:00,enriched,,0,1,W01001896,False,polygon covers point,Caerdydd 020E,WIMD 2025 income and employment indicators,WIMD 2025,2026-07-20T21:45:15.935639+00:00,,usable,
airis_9e9134ddd9469563ea57,200454,Llandaff High Street Car Park,"Llandaff High Street Car Park, Cardiff",CF5 2DX,51.494256,-3.218335,Evolt Network (Swarco E.Connect),,,,7.0,public,,UK National Charge Point Registry,https://openchargemap.org/site/poi/details/200454,2023-12-07T08:10:00Z,Contains public sector information licensed under the Open Government Licence v2.0.,Open Charge Map; Data Provider: UK National Charge Point Registry,unreviewed,inside,"No mapped Low, Medium or High classification matched.",0,"No mapped Low, Medium or High classification matched.",0,"No mapped Low, Medium or High classification matched.",0,0,"No mapped Low, Medium or High classification matched.",0,W01001781,Llandaff 3,10.7,10.7,resolved,2026-07-20T21:45:15.935639+00:00,AIRIS_CARDIFF_VERIFIED_FRAW2026_WIMD2025_V1,,W06000015,Cardiff,Local Authorities - High Water mark,2026-07-20T17:47:54.131690+00:00,1.0.0,0,0,0,FRAW catalogue 2026-05-21 | river layer 2026-05-21 sha256:5E26DD370C446C48BC69F7CAC19FC71633F771E4C04B53A55AD8F2C48DF06CF2 | sea layer 2026-05-21 sha256:125999A7F1C4C46F281B03F2B2E98985BFBE88BA8F61424132FAA364F3E7DFFA | surface_water layer 2022-11-28 sha256:432444DC177277C9CEF467E24A798224C27E053904B5AA471B7604646204D22D,2026-07-20T19:20:50.001880+00:00,enriched,,0,1,W01001781,False,polygon covers point,Caerdydd 026C,WIMD 2025 income and employment indicators,WIMD 2025,2026-07-20T21:45:15.935639+00:00,,usable,
airis_9f8cf84028bb4c8a1ace,200416,Pontcanna Street,"Pontcanna Street, Cardiff",CF119HQ,51.486898,-3.199894,Evolt Network (Swarco E.Connect),,,,7.0,public,,UK National Charge Point Registry,https://openchargemap.org/site/poi/details/200416,2023-12-07T08:10:00Z,Contains public sector information licensed under the Open Government Licence v2.0.,Open Charge Map; Data Provider: UK National Charge Point Registry,unreviewed,inside,Low,35,"No mapped Low, Medium or High classification matched.",0,"No mapped Low, Medium or High classification matched.",0,35,river,1,W01001860,Riverside 6,11.6,11.6,resolved,2026-07-20T21:45:15.935639+00:00,AIRIS_CARDIFF_VERIFIED_FRAW2026_WIMD2025_V1,,W06000015,Cardiff,Local Authorities - High Water mark,2026-07-20T17:47:54.131690+00:00,1.0.0,1,0,0,FRAW catalogue 2026-05-21 | river layer 2026-05-21 sha256:5E26DD370C446C48BC69F7CAC19FC71633F771E4C04B53A55AD8F2C48DF06CF2 | sea layer 2026-05-21 sha256:125999A7F1C4C46F281B03F2B2E98985BFBE88BA8F61424132FAA364F3E7DFFA | surface_water layer 2022-11-28 sha256:432444DC177277C9CEF467E24A798224C27E053904B5AA471B7604646204D22D,2026-07-20T19:20:50.001880+00:00,enriched,,1,1,W01001860,False,polygon covers point,Caerdydd 034C,WIMD 2025 income and employment indicators,WIMD 2025,2026-07-20T21:45:15.935639+00:00,,usable,
airis_a89c5fa68f7e5865744b,16281,G24 Innovations,"Newlands Road, Newport",CF3 2GH,51.506864,-3.101256,POD Point (UK),unknown,2.0,2.0,3.0,private,Free,Open Charge Map Contributors,https://openchargemap.org/site/poi/details/16281,2017-10-10T09:33:00Z,Licensed under Creative Commons Attribution 4.0 International (CC BY 4.0),Open Charge Map; Data Provider: Open Charge Map Contributors,unreviewed,inside,"No mapped Low, Medium or High classification matched.",0,Low,35,"No mapped Low, Medium or High classification matched.",0,35,sea,1,W01001885,Trowbridge 9,40.3,40.3,resolved,2026-07-20T21:45:15.935639+00:00,AIRIS_CARDIFF_VERIFIED_FRAW2026_WIMD2025_V1,,W06000015,Cardiff,Local Authorities - High Water mark,2026-07-20T17:47:54.131690+00:00,1.0.0,0,1,0,FRAW catalogue 2026-05-21 | river layer 2026-05-21 sha256:5E26DD370C446C48BC69F7CAC19FC71633F771E4C04B53A55AD8F2C48DF06CF2 | sea layer 2026-05-21 sha256:125999A7F1C4C46F281B03F2B2E98985BFBE88BA8F61424132FAA364F3E7DFFA | surface_water layer 2022-11-28 sha256:432444DC177277C9CEF467E24A798224C27E053904B5AA471B7604646204D22D,2026-07-20T19:20:50.001880+00:00,enriched,,1,1,W01001885,False,polygon covers point,Caerdydd 011D,WIMD 2025 income and employment indicators,WIMD 2025,2026-07-20T21:45:15.935639+00:00,,usable,
airis_aa4c211c5a940b4c1b62,258892,IKEA Cardiff,"Ferry Road, Grangetown, Cardiff",CF11 0JR,51.462816,-3.188446,Electric Highway (UK),operational,2.0,3.0,50.0,public,DC: £0.79/kWh,Open Charge Map Contributors,https://openchargemap.org/site/poi/details/258892,2023-11-30T09:50:00Z,Licensed under Creative Commons Attribution 4.0 International (CC BY 4.0),Open Charge Map; Data Provider: Open Charge Map Contributors,unreviewed,inside,Low,35,Low,35,"No mapped Low, Medium or High classification matched.",0,35,river|sea,2,W01001947,Grangetown 12,37.1,37.1,resolved,2026-07-20T21:45:15.935639+00:00,AIRIS_CARDIFF_VERIFIED_FRAW2026_WIMD2025_V1,,W06000015,Cardiff,Local Authorities - High Water mark,2026-07-20T17:47:54.131690+00:00,1.0.0,1,1,0,FRAW catalogue 2026-05-21 | river layer 2026-05-21 sha256:5E26DD370C446C48BC69F7CAC19FC71633F771E4C04B53A55AD8F2C48DF06CF2 | sea layer 2026-05-21 sha256:125999A7F1C4C46F281B03F2B2E98985BFBE88BA8F61424132FAA364F3E7DFFA | surface_water layer 2022-11-28 sha256:432444DC177277C9CEF467E24A798224C27E053904B5AA471B7604646204D22D,2026-07-20T19:20:50.001880+00:00,enriched,,2,1,W01001947,False,polygon covers point,Caerdydd 048E,WIMD 2025 income and employment indicators,WIMD 2025,2026-07-20T21:45:15.935639+00:00,,usable,
airis_b226d245101e1c918414,187747,Cardiff & Vale University Health Board,"Woodlands House, Cardiff",CF14 4HH,51.520046,-3.194338,POD Point (UK),,,,7.0,public,,UK National Charge Point Registry,https://openchargemap.org/site/poi/details/187747,2023-05-04T08:45:00Z,Contains public sector information licensed under the Open Government Licence v2.0.,Open Charge Map; Data Provider: UK National Charge Point Registry,unreviewed,inside,"No mapped Low, Medium or High classification matched.",0,"No mapped Low, Medium or High classification matched.",0,"No mapped Low, Medium or High classification matched.",0,0,"No mapped Low, Medium or High classification matched.",0,W01001771,Heath 3,7.4,7.4,resolved,2026-07-20T21:45:15.935639+00:00,AIRIS_CARDIFF_VERIFIED_FRAW2026_WIMD2025_V1,,W06000015,Cardiff,Local Authorities - High Water mark,2026-07-20T17:47:54.131690+00:00,1.0.0,0,0,0,FRAW catalogue 2026-05-21 | river layer 2026-05-21 sha256:5E26DD370C446C48BC69F7CAC19FC71633F771E4C04B53A55AD8F2C48DF06CF2 | sea layer 2026-05-21 sha256:125999A7F1C4C46F281B03F2B2E98985BFBE88BA8F61424132FAA364F3E7DFFA | surface_water layer 2022-11-28 sha256:432444DC177277C9CEF467E24A798224C27E053904B5AA471B7604646204D22D,2026-07-20T19:20:50.001880+00:00,enriched,,0,1,W01001771,False,polygon covers point,Caerdydd 018C,WIMD 2025 income and employment indicators,WIMD 2025,2026-07-20T21:45:15.935639+00:00,,usable,
airis_b3f8c8a32ad90052f6c8,132456,Anglesey Street - Cardiff,"Anglesey Street, Cardiff",CF5 1QZ,51.48313,-3.20707,Evolt Network (Swarco E.Connect),operational,2.0,2.0,7.0,public,£0.31/kWh,Open Charge Map Contributors,https://openchargemap.org/site/poi/details/132456,2019-10-02T08:32:00Z,Licensed under Creative Commons Attribution 4.0 International (CC BY 4.0),Open Charge Map; Data Provider: Open Charge Map Contributors,unreviewed,inside,"No mapped Low, Medium or High classification matched.",0,"No mapped Low, Medium or High classification matched.",0,"No mapped Low, Medium or High classification matched.",0,0,"No mapped Low, Medium or High classification matched.",0,W01001710,Canton 2,22.8,22.8,resolved,2026-07-20T21:45:15.935639+00:00,AIRIS_CARDIFF_VERIFIED_FRAW2026_WIMD2025_V1,,W06000015,Cardiff,Local Authorities - High Water mark,2026-07-20T17:47:54.131690+00:00,1.0.0,0,0,0,FRAW catalogue 2026-05-21 | river layer 2026-05-21 sha256:5E26DD370C446C48BC69F7CAC19FC71633F771E4C04B53A55AD8F2C48DF06CF2 | sea layer 2026-05-21 sha256:125999A7F1C4C46F281B03F2B2E98985BFBE88BA8F61424132FAA364F3E7DFFA | surface_water layer 2022-11-28 sha256:432444DC177277C9CEF467E24A798224C27E053904B5AA471B7604646204D22D,2026-07-20T19:20:50.001880+00:00,enriched,,0,1,W01001710,False,polygon covers point,Caerdydd 040B,WIMD 2025 income and employment indicators,WIMD 2025,2026-07-20T21:45:15.935639+00:00,,usable,
airis_b8ca386746aa48913e8f,47476,UK Steel Enterprise Cardiff,"Cardiff Bay Business Centre, Titan House, Lewis Road, Ocean Park, Cardiff, Wales",CF24 5BS,51.476339,-3.154874,Zero Carbon World,operational,1.0,1.0,7.0,public,,Open Charge Map Contributors,https://openchargemap.org/site/poi/details/47476,2015-05-27T11:43:00Z,Licensed under Creative Commons Attribution 4.0 International (CC BY 4.0),Open Charge Map; Data Provider: Open Charge Map Contributors,unreviewed,inside,"No mapped Low, Medium or High classification matched.",0,"No mapped Low, Medium or High classification matched.",0,"No mapped Low, Medium or High classification matched.",0,0,"No mapped Low, Medium or High classification matched.",0,W01001874,Splott 6,62.1,62.1,resolved,2026-07-20T21:45:15.935639+00:00,AIRIS_CARDIFF_VERIFIED_FRAW2026_WIMD2025_V1,,W06000015,Cardiff,Local Authorities - High Water mark,2026-07-20T17:47:54.131690+00:00,1.0.0,0,0,0,FRAW catalogue 2026-05-21 | river layer 2026-05-21 sha256:5E26DD370C446C48BC69F7CAC19FC71633F771E4C04B53A55AD8F2C48DF06CF2 | sea layer 2026-05-21 sha256:125999A7F1C4C46F281B03F2B2E98985BFBE88BA8F61424132FAA364F3E7DFFA | surface_water layer 2022-11-28 sha256:432444DC177277C9CEF467E24A798224C27E053904B5AA471B7604646204D22D,2026-07-20T19:20:50.001880+00:00,enriched,,0,1,W01001874,False,polygon covers point,Caerdydd 038D,WIMD 2025 income and employment indicators,WIMD 2025,2026-07-20T21:45:15.935639+00:00,,usable,
airis_c2c26f6edd52d208f5fb,127106,Dŵr Cymru Welsh Water St. Mellons,"St. Mellons Business Park, Trowbridge, Cardiff",CF3 0LT,51.529847,-3.081929,Hubsta,operational,2.0,2.0,7.0,private,,Open Charge Map Contributors,https://openchargemap.org/site/poi/details/127106,2019-05-27T22:09:00Z,Licensed under Creative Commons Attribution 4.0 International (CC BY 4.0),Open Charge Map; Data Provider: Open Charge Map Contributors,unreviewed,inside,"No mapped Low, Medium or High classification matched.",0,Low,35,"No mapped Low, Medium or High classification matched.",0,35,sea,1,W01001882,Trowbridge 6,20.5,20.5,resolved,2026-07-20T21:45:15.935639+00:00,AIRIS_CARDIFF_VERIFIED_FRAW2026_WIMD2025_V1,,W06000015,Cardiff,Local Authorities - High Water mark,2026-07-20T17:47:54.131690+00:00,1.0.0,0,1,0,FRAW catalogue 2026-05-21 | river layer 2026-05-21 sha256:5E26DD370C446C48BC69F7CAC19FC71633F771E4C04B53A55AD8F2C48DF06CF2 | sea layer 2026-05-21 sha256:125999A7F1C4C46F281B03F2B2E98985BFBE88BA8F61424132FAA364F3E7DFFA | surface_water layer 2022-11-28 sha256:432444DC177277C9CEF467E24A798224C27E053904B5AA471B7604646204D22D,2026-07-20T19:20:50.001880+00:00,enriched,,1,1,W01001882,False,polygon covers point,Caerdydd 011C,WIMD 2025 income and employment indicators,WIMD 2025,2026-07-20T21:45:15.935639+00:00,,usable,
airis_ccd959febb8f3334c39d,205042,Tesco Extra-Cardiff Pengam,"Eastern Bay Road, Pengam Green, Cardiff",CF24 2HP,51.487998,-3.127919,POD Point (UK),operational,4.0,4.0,7.0,public,£0.44/kWh,Open Charge Map Contributors,https://openchargemap.org/site/poi/details/205042,2023-04-12T05:21:00Z,Licensed under Creative Commons Attribution 4.0 International (CC BY 4.0),Open Charge Map; Data Provider: Open Charge Map Contributors,unreviewed,inside,"No mapped Low, Medium or High classification matched.",0,Low,35,"No mapped Low, Medium or High classification matched.",0,35,sea,1,W01002021,Splott 10,31.8,31.8,resolved,2026-07-20T21:45:15.935639+00:00,AIRIS_CARDIFF_VERIFIED_FRAW2026_WIMD2025_V1,,W06000015,Cardiff,Local Authorities - High Water mark,2026-07-20T17:47:54.131690+00:00,1.0.0,0,1,0,FRAW catalogue 2026-05-21 | river layer 2026-05-21 sha256:5E26DD370C446C48BC69F7CAC19FC71633F771E4C04B53A55AD8F2C48DF06CF2 | sea layer 2026-05-21 sha256:125999A7F1C4C46F281B03F2B2E98985BFBE88BA8F61424132FAA364F3E7DFFA | surface_water layer 2022-11-28 sha256:432444DC177277C9CEF467E24A798224C27E053904B5AA471B7604646204D22D,2026-07-20T19:20:50.001880+00:00,enriched,,1,1,W01002021,False,polygon covers point,Caerdydd 037F,WIMD 2025 income and employment indicators,WIMD 2025,2026-07-20T21:45:15.935639+00:00,,usable,
airis_d178685f83cabc1f02c7,127599,Voco St David's Hotel,Voco St David's Hotel,cf10 5sd,51.460517,-3.167412,Tesla (Tesla-only charging),operational,2.0,2.0,7.0,public,,Open Charge Map Contributors,https://openchargemap.org/site/poi/details/127599,2019-06-05T12:01:00Z,Licensed under Creative Commons Attribution 4.0 International (CC BY 4.0),Open Charge Map; Data Provider: Open Charge Map Contributors,unreviewed,inside,"No mapped Low, Medium or High classification matched.",0,"No mapped Low, Medium or High classification matched.",0,"No mapped Low, Medium or High classification matched.",0,0,"No mapped Low, Medium or High classification matched.",0,W01001943,Butetown 4,19.6,19.6,resolved,2026-07-20T21:45:15.935639+00:00,AIRIS_CARDIFF_VERIFIED_FRAW2026_WIMD2025_V1,,W06000015,Cardiff,Local Authorities - High Water mark,2026-07-20T17:47:54.131690+00:00,1.0.0,0,0,0,FRAW catalogue 2026-05-21 | river layer 2026-05-21 sha256:5E26DD370C446C48BC69F7CAC19FC71633F771E4C04B53A55AD8F2C48DF06CF2 | sea layer 2026-05-21 sha256:125999A7F1C4C46F281B03F2B2E98985BFBE88BA8F61424132FAA364F3E7DFFA | surface_water layer 2022-11-28 sha256:432444DC177277C9CEF467E24A798224C27E053904B5AA471B7604646204D22D,2026-07-20T19:20:50.001880+00:00,enriched,,0,1,W01001943,False,polygon covers point,Caerdydd 048B,WIMD 2025 income and employment indicators,WIMD 2025,2026-07-20T21:45:15.935639+00:00,,usable,
airis_d508e2db52a6b7675cbb,259891,Howard Place,"Howard Place, Cardiff",CF24 0DE,51.48399914,-3.166332585,Osprey Charging,operational,4.0,4.0,50.0,public,£0.79/kWh,Open Charge Map Contributors,https://openchargemap.org/site/poi/details/259891,2024-08-13T17:03:00Z,Licensed under Creative Commons Attribution 4.0 International (CC BY 4.0),Open Charge Map; Data Provider: Open Charge Map Contributors,unreviewed,inside,"No mapped Low, Medium or High classification matched.",0,"No mapped Low, Medium or High classification matched.",0,"No mapped Low, Medium or High classification matched.",0,0,"No mapped Low, Medium or High classification matched.",0,W01001695,Adamsdown 2,19.1,19.1,resolved,2026-07-20T21:45:15.935639+00:00,AIRIS_CARDIFF_VERIFIED_FRAW2026_WIMD2025_V1,,W06000015,Cardiff,Local Authorities - High Water mark,2026-07-20T17:47:54.131690+00:00,1.0.0,0,0,0,FRAW catalogue 2026-05-21 | river layer 2026-05-21 sha256:5E26DD370C446C48BC69F7CAC19FC71633F771E4C04B53A55AD8F2C48DF06CF2 | sea layer 2026-05-21 sha256:125999A7F1C4C46F281B03F2B2E98985BFBE88BA8F61424132FAA364F3E7DFFA | surface_water layer 2022-11-28 sha256:432444DC177277C9CEF467E24A798224C27E053904B5AA471B7604646204D22D,2026-07-20T19:20:50.001880+00:00,enriched,,0,1,W01001695,False,polygon covers point,Caerdydd 036B,WIMD 2025 income and employment indicators,WIMD 2025,2026-07-20T21:45:15.935639+00:00,,usable,
airis_d560a303a4821d0f562e,285778,Sophia Gardens,"Sophia Gardens, Cardiff",CF11 9HW,51.483564,-3.189366,Connected Kerb,unknown,,,22.0,public,,UK National Charge Point Registry,https://openchargemap.org/site/poi/details/285778,2023-12-07T08:10:00Z,Contains public sector information licensed under the Open Government Licence v2.0.,Open Charge Map; Data Provider: UK National Charge Point Registry,unreviewed,inside,Low,35,Low,35,"No mapped Low, Medium or High classification matched.",0,35,river|sea,2,W01001861,Riverside 7,11.3,11.3,resolved,2026-07-20T21:45:15.935639+00:00,AIRIS_CARDIFF_VERIFIED_FRAW2026_WIMD2025_V1,,W06000015,Cardiff,Local Authorities - High Water mark,2026-07-20T17:47:54.131690+00:00,1.0.0,1,1,0,FRAW catalogue 2026-05-21 | river layer 2026-05-21 sha256:5E26DD370C446C48BC69F7CAC19FC71633F771E4C04B53A55AD8F2C48DF06CF2 | sea layer 2026-05-21 sha256:125999A7F1C4C46F281B03F2B2E98985BFBE88BA8F61424132FAA364F3E7DFFA | surface_water layer 2022-11-28 sha256:432444DC177277C9CEF467E24A798224C27E053904B5AA471B7604646204D22D,2026-07-20T19:20:50.001880+00:00,enriched,,2,1,W01001861,False,polygon covers point,Caerdydd 034D,WIMD 2025 income and employment indicators,WIMD 2025,2026-07-20T21:45:15.935639+00:00,,usable,
airis_d6e6a24b96376ba9af96,260002,Britannia Quay,"Britannia Quay, Cardiff",CF10 4PB,51.464363,-3.160242,Osprey Charging,operational,2.0,4.0,50.0,public,£0.79/kWh,Open Charge Map Contributors,https://openchargemap.org/site/poi/details/260002,2024-08-29T15:09:00Z,Licensed under Creative Commons Attribution 4.0 International (CC BY 4.0),Open Charge Map; Data Provider: Open Charge Map Contributors,unreviewed,inside,"No mapped Low, Medium or High classification matched.",0,"No mapped Low, Medium or High classification matched.",0,"No mapped Low, Medium or High classification matched.",0,0,"No mapped Low, Medium or High classification matched.",0,W01001940,Butetown 2,11.9,11.9,resolved,2026-07-20T21:45:15.935639+00:00,AIRIS_CARDIFF_VERIFIED_FRAW2026_WIMD2025_V1,,W06000015,Cardiff,Local Authorities - High Water mark,2026-07-20T17:47:54.131690+00:00,1.0.0,0,0,0,FRAW catalogue 2026-05-21 | river layer 2026-05-21 sha256:5E26DD370C446C48BC69F7CAC19FC71633F771E4C04B53A55AD8F2C48DF06CF2 | sea layer 2026-05-21 sha256:125999A7F1C4C46F281B03F2B2E98985BFBE88BA8F61424132FAA364F3E7DFFA | surface_water layer 2022-11-28 sha256:432444DC177277C9CEF467E24A798224C27E053904B5AA471B7604646204D22D,2026-07-20T19:20:50.001880+00:00,enriched,,0,1,W01001940,False,polygon covers point,Caerdydd 048A,WIMD 2025 income and employment indicators,WIMD 2025,2026-07-20T21:45:15.935639+00:00,,usable,
airis_dd426e6fa2b075eb051d,132459,Turning Head Car Park - Cardiff,"Penhill Road, Cardiff",CF11 9QJ,51.48915,-3.2036,Evolt Network (Swarco E.Connect),operational,2.0,2.0,7.0,public,£0.31/kWh,Open Charge Map Contributors,https://openchargemap.org/site/poi/details/132459,2019-10-02T08:39:00Z,Licensed under Creative Commons Attribution 4.0 International (CC BY 4.0),Open Charge Map; Data Provider: Open Charge Map Contributors,unreviewed,inside,"No mapped Low, Medium or High classification matched.",0,"No mapped Low, Medium or High classification matched.",0,"No mapped Low, Medium or High classification matched.",0,0,"No mapped Low, Medium or High classification matched.",0,W01001858,Riverside 4,13.7,13.7,resolved,2026-07-20T21:45:15.935639+00:00,AIRIS_CARDIFF_VERIFIED_FRAW2026_WIMD2025_V1,,W06000015,Cardiff,Local Authorities - High Water mark,2026-07-20T17:47:54.131690+00:00,1.0.0,0,0,0,FRAW catalogue 2026-05-21 | river layer 2026-05-21 sha256:5E26DD370C446C48BC69F7CAC19FC71633F771E4C04B53A55AD8F2C48DF06CF2 | sea layer 2026-05-21 sha256:125999A7F1C4C46F281B03F2B2E98985BFBE88BA8F61424132FAA364F3E7DFFA | surface_water layer 2022-11-28 sha256:432444DC177277C9CEF467E24A798224C27E053904B5AA471B7604646204D22D,2026-07-20T19:20:50.001880+00:00,enriched,,0,1,W01001858,False,polygon covers point,Caerdydd 034A,WIMD 2025 income and employment indicators,WIMD 2025,2026-07-20T21:45:15.935639+00:00,,usable,
airis_ddc3489e654f03c05faf,13553,ASDA Cardiff Coryton Supercentre,"1 Longwood Drive, Cardiff",CF14 7EW,51.524136,-3.242433,BP Pulse (UK),operational,2.0,4.0,7.0,public,Inclusive; for Polar Plus subscription members only,Open Charge Map Contributors,https://openchargemap.org/site/poi/details/13553,2019-03-05T06:29:00Z,Licensed under Creative Commons Attribution 4.0 International (CC BY 4.0),Open Charge Map; Data Provider: Open Charge Map Contributors,unreviewed,inside,"No mapped Low, Medium or High classification matched.",0,"No mapped Low, Medium or High classification matched.",0,"No mapped Low, Medium or High classification matched.",0,0,"No mapped Low, Medium or High classification matched.",0,W01001895,Whitchurch and Tongwynlais 9,34.2,34.2,resolved,2026-07-20T21:45:15.935639+00:00,AIRIS_CARDIFF_VERIFIED_FRAW2026_WIMD2025_V1,,W06000015,Cardiff,Local Authorities - High Water mark,2026-07-20T17:47:54.131690+00:00,1.0.0,0,0,0,FRAW catalogue 2026-05-21 | river layer 2026-05-21 sha256:5E26DD370C446C48BC69F7CAC19FC71633F771E4C04B53A55AD8F2C48DF06CF2 | sea layer 2026-05-21 sha256:125999A7F1C4C46F281B03F2B2E98985BFBE88BA8F61424132FAA364F3E7DFFA | surface_water layer 2022-11-28 sha256:432444DC177277C9CEF467E24A798224C27E053904B5AA471B7604646204D22D,2026-07-20T19:20:50.001880+00:00,enriched,,0,1,W01001895,False,polygon covers point,Caerdydd 010D,WIMD 2025 income and employment indicators,WIMD 2025,2026-07-20T21:45:15.935639+00:00,,usable,
airis_e087bdf6460b769e5d24,285830,North Road,"North Road Car Park, Cardiff",CF10 3DY,51.490523,-3.188036,Connected Kerb,unknown,,,7.0,public,,UK National Charge Point Registry,https://openchargemap.org/site/poi/details/285830,2023-12-07T08:10:00Z,Contains public sector information licensed under the Open Government Licence v2.0.,Open Charge Map; Data Provider: UK National Charge Point Registry,unreviewed,inside,"No mapped Low, Medium or High classification matched.",0,"No mapped Low, Medium or High classification matched.",0,"No mapped Low, Medium or High classification matched.",0,0,"No mapped Low, Medium or High classification matched.",0,W01002019,Cathays 12,10.5,10.5,resolved,2026-07-20T21:45:15.935639+00:00,AIRIS_CARDIFF_VERIFIED_FRAW2026_WIMD2025_V1,,W06000015,Cardiff,Local Authorities - High Water mark,2026-07-20T17:47:54.131690+00:00,1.0.0,0,0,0,FRAW catalogue 2026-05-21 | river layer 2026-05-21 sha256:5E26DD370C446C48BC69F7CAC19FC71633F771E4C04B53A55AD8F2C48DF06CF2 | sea layer 2026-05-21 sha256:125999A7F1C4C46F281B03F2B2E98985BFBE88BA8F61424132FAA364F3E7DFFA | surface_water layer 2022-11-28 sha256:432444DC177277C9CEF467E24A798224C27E053904B5AA471B7604646204D22D,2026-07-20T19:20:50.001880+00:00,enriched,,0,1,W01002019,False,polygon covers point,Caerdydd 032H,WIMD 2025 income and employment indicators,WIMD 2025,2026-07-20T21:45:15.935639+00:00,,usable,
airis_ebc43ac93e04c395c139,60879,St. David's Shopping Centre Car Park,"Hills Street, Butetown, Cardiff",CF10 2EQ,51.47922,-3.17476750000003,BP Pulse (UK),operational,4.0,4.0,7.0,public,Inclusive; for Polar Plus subscription members only,Open Charge Map Contributors,https://openchargemap.org/site/poi/details/60879,2019-03-08T06:29:00Z,Licensed under Creative Commons Attribution 4.0 International (CC BY 4.0),Open Charge Map; Data Provider: Open Charge Map Contributors,unreviewed,inside,"No mapped Low, Medium or High classification matched.",0,"No mapped Low, Medium or High classification matched.",0,"No mapped Low, Medium or High classification matched.",0,0,"No mapped Low, Medium or High classification matched.",0,W01002019,Cathays 12,10.5,10.5,resolved,2026-07-20T21:45:15.935639+00:00,AIRIS_CARDIFF_VERIFIED_FRAW2026_WIMD2025_V1,,W06000015,Cardiff,Local Authorities - High Water mark,2026-07-20T17:47:54.131690+00:00,1.0.0,0,0,0,FRAW catalogue 2026-05-21 | river layer 2026-05-21 sha256:5E26DD370C446C48BC69F7CAC19FC71633F771E4C04B53A55AD8F2C48DF06CF2 | sea layer 2026-05-21 sha256:125999A7F1C4C46F281B03F2B2E98985BFBE88BA8F61424132FAA364F3E7DFFA | surface_water layer 2022-11-28 sha256:432444DC177277C9CEF467E24A798224C27E053904B5AA471B7604646204D22D,2026-07-20T19:20:50.001880+00:00,enriched,,0,1,W01002019,False,polygon covers point,Caerdydd 032H,WIMD 2025 income and employment indicators,WIMD 2025,2026-07-20T21:45:15.935639+00:00,,usable,
airis_eea2a83d1e9d0e395e8a,201478,Tesla Cardiff,"Croescadarn Road, Cardiff, Wales",CF23 8HE,51.53149670395635,-3.139770854898643,Tesla (including non-tesla),operational,8.0,8.0,250.0,public,,Open Charge Map Contributors,https://openchargemap.org/site/poi/details/201478,2022-09-01T16:55:00Z,Licensed under Creative Commons Attribution 4.0 International (CC BY 4.0),Open Charge Map; Data Provider: Open Charge Map Contributors,unreviewed,inside,"No mapped Low, Medium or High classification matched.",0,"No mapped Low, Medium or High classification matched.",0,"No mapped Low, Medium or High classification matched.",0,0,"No mapped Low, Medium or High classification matched.",0,W01001844,Pontprennau and Old St Mellons 5,20.3,20.3,resolved,2026-07-20T21:45:15.935639+00:00,AIRIS_CARDIFF_VERIFIED_FRAW2026_WIMD2025_V1,,W06000015,Cardiff,Local Authorities - High Water mark,2026-07-20T17:47:54.131690+00:00,1.0.0,0,0,0,FRAW catalogue 2026-05-21 | river layer 2026-05-21 sha256:5E26DD370C446C48BC69F7CAC19FC71633F771E4C04B53A55AD8F2C48DF06CF2 | sea layer 2026-05-21 sha256:125999A7F1C4C46F281B03F2B2E98985BFBE88BA8F61424132FAA364F3E7DFFA | surface_water layer 2022-11-28 sha256:432444DC177277C9CEF467E24A798224C27E053904B5AA471B7604646204D22D,2026-07-20T19:20:50.001880+00:00,enriched,,0,1,W01001844,False,polygon covers point,Caerdydd 003D,WIMD 2025 income and employment indicators,WIMD 2025,2026-07-20T21:45:15.935639+00:00,,usable,
airis_f0782529b5ad354d2a05,260691,University of Wales Hospital,"Heath Road, Cardiff",CF14 4XW,51.50591,-3.18741,POD Point (UK),operational,12.0,12.0,7.0,public,£0.272/kWh,Open Charge Map Contributors,https://openchargemap.org/site/poi/details/260691,2024-07-09T13:14:00Z,Licensed under Creative Commons Attribution 4.0 International (CC BY 4.0),Open Charge Map; Data Provider: Open Charge Map Contributors,unreviewed,inside,"No mapped Low, Medium or High classification matched.",0,"No mapped Low, Medium or High classification matched.",0,"No mapped Low, Medium or High classification matched.",0,0,"No mapped Low, Medium or High classification matched.",0,W01001770,Heath 2,17.5,17.5,resolved,2026-07-20T21:45:15.935639+00:00,AIRIS_CARDIFF_VERIFIED_FRAW2026_WIMD2025_V1,,W06000015,Cardiff,Local Authorities - High Water mark,2026-07-20T17:47:54.131690+00:00,1.0.0,0,0,0,FRAW catalogue 2026-05-21 | river layer 2026-05-21 sha256:5E26DD370C446C48BC69F7CAC19FC71633F771E4C04B53A55AD8F2C48DF06CF2 | sea layer 2026-05-21 sha256:125999A7F1C4C46F281B03F2B2E98985BFBE88BA8F61424132FAA364F3E7DFFA | surface_water layer 2022-11-28 sha256:432444DC177277C9CEF467E24A798224C27E053904B5AA471B7604646204D22D,2026-07-20T19:20:50.001880+00:00,enriched,,0,1,W01001770,False,polygon covers point,Caerdydd 018B,WIMD 2025 income and employment indicators,WIMD 2025,2026-07-20T21:45:15.935639+00:00,,usable,
airis_f536b167fad74e6cf2f2,285963,"College Road, Cardiff","College Road, Cardiff",CF14 2HJ,51.502182,-3.220884,Connected Kerb,unknown,,,22.0,public,,UK National Charge Point Registry,https://openchargemap.org/site/poi/details/285963,2023-12-07T08:10:00Z,Contains public sector information licensed under the Open Government Licence v2.0.,Open Charge Map; Data Provider: UK National Charge Point Registry,unreviewed,inside,"No mapped Low, Medium or High classification matched.",0,"No mapped Low, Medium or High classification matched.",0,"No mapped Low, Medium or High classification matched.",0,0,"No mapped Low, Medium or High classification matched.",0,W01001786,Llandaff North 2,17.8,17.8,resolved,2026-07-20T21:45:15.935639+00:00,AIRIS_CARDIFF_VERIFIED_FRAW2026_WIMD2025_V1,,W06000015,Cardiff,Local Authorities - High Water mark,2026-07-20T17:47:54.131690+00:00,1.0.0,0,0,0,FRAW catalogue 2026-05-21 | river layer 2026-05-21 sha256:5E26DD370C446C48BC69F7CAC19FC71633F771E4C04B53A55AD8F2C48DF06CF2 | sea layer 2026-05-21 sha256:125999A7F1C4C46F281B03F2B2E98985BFBE88BA8F61424132FAA364F3E7DFFA | surface_water layer 2022-11-28 sha256:432444DC177277C9CEF467E24A798224C27E053904B5AA471B7604646204D22D,2026-07-20T19:20:50.001880+00:00,enriched,,0,1,W01001786,False,polygon covers point,Caerdydd 023B,WIMD 2025 income and employment indicators,WIMD 2025,2026-07-20T21:45:15.935639+00:00,,usable,
airis_f886fc76be7c3a77022f,251500,"Bettws Lane Car Park, Newport","Bettws Lane Car Park, Cardiff",CF10 5SG,51.461555,-3.168205,Connected Kerb,,,,7.0,public,,UK National Charge Point Registry,https://openchargemap.org/site/poi/details/251500,2023-05-04T08:41:00Z,Contains public sector information licensed under the Open Government Licence v2.0.,Open Charge Map; Data Provider: UK National Charge Point Registry,unreviewed,inside,"No mapped Low, Medium or High classification matched.",0,Low,35,"No mapped Low, Medium or High classification matched.",0,35,sea,1,W01001942,Butetown 3,43.6,43.6,resolved,2026-07-20T21:45:15.935639+00:00,AIRIS_CARDIFF_VERIFIED_FRAW2026_WIMD2025_V1,,W06000015,Cardiff,Local Authorities - High Water mark,2026-07-20T17:47:54.131690+00:00,1.0.0,0,1,0,FRAW catalogue 2026-05-21 | river layer 2026-05-21 sha256:5E26DD370C446C48BC69F7CAC19FC71633F771E4C04B53A55AD8F2C48DF06CF2 | sea layer 2026-05-21 sha256:125999A7F1C4C46F281B03F2B2E98985BFBE88BA8F61424132FAA364F3E7DFFA | surface_water layer 2022-11-28 sha256:432444DC177277C9CEF467E24A798224C27E053904B5AA471B7604646204D22D,2026-07-20T19:20:50.001880+00:00,enriched,,1,1,W01001942,False,polygon covers point,Caerdydd 049B,WIMD 2025 income and employment indicators,WIMD 2025,2026-07-20T21:45:15.935639+00:00,,usable,
airis_fbe76f33818eb3334d19,52910,NCP Pellet Street,"Pellet Street, Cardiff",CF10 4FF,51.478298,-3.17032,BP Pulse (UK),operational,3.0,4.0,3.0,public,£0.59/kWh; other tariffs available. Parking fees apply,Open Charge Map Contributors,https://openchargemap.org/site/poi/details/52910,2023-04-03T17:00:00Z,Licensed under Creative Commons Attribution 4.0 International (CC BY 4.0),Open Charge Map; Data Provider: Open Charge Map Contributors,unreviewed,inside,"No mapped Low, Medium or High classification matched.",0,Low,35,Low,35,35,sea|surface_water,2,W01001695,Adamsdown 2,19.1,19.1,resolved,2026-07-20T21:45:15.935639+00:00,AIRIS_CARDIFF_VERIFIED_FRAW2026_WIMD2025_V1,,W06000015,Cardiff,Local Authorities - High Water mark,2026-07-20T17:47:54.131690+00:00,1.0.0,0,1,1,FRAW catalogue 2026-05-21 | river layer 2026-05-21 sha256:5E26DD370C446C48BC69F7CAC19FC71633F771E4C04B53A55AD8F2C48DF06CF2 | sea layer 2026-05-21 sha256:125999A7F1C4C46F281B03F2B2E98985BFBE88BA8F61424132FAA364F3E7DFFA | surface_water layer 2022-11-28 sha256:432444DC177277C9CEF467E24A798224C27E053904B5AA471B7604646204D22D,2026-07-20T19:20:50.001880+00:00,enriched,,2,1,W01001695,False,polygon covers point,Caerdydd 036B,WIMD 2025 income and employment indicators,WIMD 2025,2026-07-20T21:45:15.935639+00:00,,usable,
airis_fc45ad043e668a3af5cd,259924,King Edward Vii Avenue,"King Edward Vii Avenue, Cardiff",CF10 3NB,51.488436,-3.183733,Osprey Charging,operational,2.0,4.0,50.0,public,£0.79/kWh,Open Charge Map Contributors,https://openchargemap.org/site/poi/details/259924,2024-08-13T17:05:00Z,Licensed under Creative Commons Attribution 4.0 International (CC BY 4.0),Open Charge Map; Data Provider: Open Charge Map Contributors,unreviewed,inside,"No mapped Low, Medium or High classification matched.",0,"No mapped Low, Medium or High classification matched.",0,"No mapped Low, Medium or High classification matched.",0,0,"No mapped Low, Medium or High classification matched.",0,W01002019,Cathays 12,10.5,10.5,resolved,2026-07-20T21:45:15.935639+00:00,AIRIS_CARDIFF_VERIFIED_FRAW2026_WIMD2025_V1,,W06000015,Cardiff,Local Authorities - High Water mark,2026-07-20T17:47:54.131690+00:00,1.0.0,0,0,0,FRAW catalogue 2026-05-21 | river layer 2026-05-21 sha256:5E26DD370C446C48BC69F7CAC19FC71633F771E4C04B53A55AD8F2C48DF06CF2 | sea layer 2026-05-21 sha256:125999A7F1C4C46F281B03F2B2E98985BFBE88BA8F61424132FAA364F3E7DFFA | surface_water layer 2022-11-28 sha256:432444DC177277C9CEF467E24A798224C27E053904B5AA471B7604646204D22D,2026-07-20T19:20:50.001880+00:00,enriched,,0,1,W01002019,False,polygon covers point,Caerdydd 032H,WIMD 2025 income and employment indicators,WIMD 2025,2026-07-20T21:45:15.935639+00:00,,usable,
